locus;location;strand;ATG;end
all0001;Chr;comp;918;6413460
all0002;Chr;comp;1718;981
asl0003;Chr;comp;2805;2617
all0004;Chr;comp;4365;3418
all0005;Chr;comp;5974;4454
all0006;Chr;comp;6689;6138
all0007;Chr;comp;7249;6686
all0008;Chr;comp;7850;7359
asl0009;Chr;comp;8241;7996
all0010;Chr;comp;9079;8324
all0011;Chr;comp;9500;9132
all0012;Chr;comp;11329;10130
asr0013;Chr;direct;11560;11850
alr0014;Chr;direct;11847;12275
all0015;Chr;comp;13168;12728
all0016;Chr;comp;13521;13138
all0017;Chr;comp;14121;13600
alr0018;Chr;direct;14319;14714
alr0019;Chr;direct;14903;15274
alr0020;Chr;direct;15778;19176
alr0021;Chr;direct;19615;20100
alr0022;Chr;direct;20166;20654
asr0023;Chr;direct;20870;21076
alr0024;Chr;direct;21221;22039
all0025;Chr;comp;22584;22144
asl0026;Chr;comp;22944;22723
asl0027;Chr;comp;23263;23018
all0028;Chr;comp;23844;23449
alr0029;Chr;direct;24350;28033
alr0030;Chr;direct;28285;30057
alr0031;Chr;direct;30263;31741
all0032;Chr;comp;33290;31875
alr0033;Chr;direct;33548;34477
alr0034;Chr;direct;34486;35448
alr0035;Chr;direct;35433;36884
all0036;Chr;comp;38331;36976
all0037;Chr;comp;38981;38535
alr0038;Chr;direct;39857;40927
alr0039;Chr;direct;40951;41826
all0040;Chr;comp;43492;41960
all0041;Chr;comp;44498;43542
all0042;Chr;comp;45458;44511
asr0043;Chr;direct;46643;46852
alr0044;Chr;direct;46892;47278
alr0045;Chr;direct;47278;47736
asl0046;Chr;comp;48195;47902
all0047;Chr;comp;50065;48470
all0048;Chr;comp;50696;50091
all0049;Chr;comp;53319;51283
all0050;Chr;comp;54919;53882
alr0051;Chr;direct;55119;56282
alr0052;Chr;direct;56642;56965
alr0053;Chr;direct;57224;58309
alr0054;Chr;direct;58472;59791
alr0055;Chr;direct;60168;61811
alr0056;Chr;direct;61836;62198
asr0057;Chr;direct;62218;62385
alr0058;Chr;direct;62394;63419
all0059;Chr;comp;65738;63555
asl0060;Chr;comp;66843;66556
all0061;Chr;comp;67987;67154
asr0062;Chr;direct;68148;68354
alr0063;Chr;direct;68534;68935
asr0064;Chr;direct;69988;70224
all0065;Chr;comp;70951;70601
all0066;Chr;comp;71702;71103
all0067;Chr;comp;72281;71745
alr0068;Chr;direct;72595;73149
alr0069;Chr;direct;73290;74033
all0070;Chr;comp;74958;74146
all0071;Chr;comp;75794;75171
alr0072;Chr;direct;75965;76639
alr0073;Chr;direct;76760;77551
alr0074;Chr;direct;78171;79187
alr0075;Chr;direct;79339;80814
alr0076;Chr;direct;80974;81747
alr0077;Chr;direct;81759;82652
alr0078;Chr;direct;82725;83282
alr0079;Chr;direct;83290;84525
alr0080;Chr;direct;84908;85294
asr0081;Chr;direct;85949;86167
all0082;Chr;comp;87421;86231
alr0083;Chr;direct;87523;87936
alr0084;Chr;direct;87929;88306
all0085;Chr;comp;89073;88561
all0086;Chr;comp;90009;89188
all0087;Chr;comp;91148;90105
alr0088;Chr;direct;91483;91842
all0089;Chr;comp;92568;91903
asl0090;Chr;comp;92744;92574
alr0091;Chr;direct;93059;94516
alr0092;Chr;direct;95168;97051
alr0093;Chr;direct;97350;99233
alr0094;Chr;direct;99384;100262
asl0095;Chr;comp;100699;100490
alr0096;Chr;direct;101711;102682
asl0097;Chr;comp;102933;102778
asr0098;Chr;direct;103430;103594
alr0099;Chr;direct;103683;104663
asr0100;Chr;direct;104656;104832
alr0101;Chr;direct;104851;105627
asr0102;Chr;direct;105748;105906
alr0103;Chr;direct;105949;108288
asr0104;Chr;direct;108324;108476
asr0105;Chr;direct;108919;109185
alr0106;Chr;direct;109372;109971
all0107;Chr;comp;110719;110201
asl0108;Chr;comp;111139;110990
all0109;Chr;comp;111671;111177
alr0110;Chr;direct;111955;112995
all0111;Chr;comp;113975;113061
all0112;Chr;comp;114845;114126
alr0113;Chr;direct;115235;115786
alr0114;Chr;direct;116589;117413
alr0115;Chr;direct;117428;118342
alr0116;Chr;direct;118415;118999
alr0117;Chr;direct;119269;120186
all0118;Chr;comp;120619;120149
all0119;Chr;comp;121138;120725
all0120;Chr;comp;122154;121177
all0121;Chr;comp;123575;122151
all0122;Chr;comp;124725;123742
all0123;Chr;comp;125464;124838
alr0124;Chr;direct;125676;129035
asl0125;Chr;comp;129330;129040
all0126;Chr;comp;130606;129590
all0127;Chr;comp;131223;130711
alr0128;Chr;direct;131490;132710
all0129;Chr;comp;133777;133034
alr0130;Chr;direct;133934;134995
all0131;Chr;comp;135904;135284
alr0132;Chr;direct;136623;137957
all0133;Chr;comp;138623;138036
all0134;Chr;comp;139271;138690
all0135;Chr;comp;140086;139352
all0136;Chr;comp;141219;140188
asl0137;Chr;comp;141653;141546
all0138;Chr;comp;143280;141751
all0139;Chr;comp;144027;143704
alr0140;Chr;direct;144629;146287
alr0141;Chr;direct;146423;147448
alr0142;Chr;direct;147532;148440
all0143;Chr;comp;149681;148503
all0144;Chr;comp;150776;149871
alr0145;Chr;direct;151210;151659
asl0146;Chr;comp;152014;151736
all0147;Chr;comp;152434;152042
asr0148;Chr;direct;152869;153114
alr0149;Chr;direct;153111;153497
alr0150;Chr;direct;153551;154639
asl0151;Chr;comp;155040;154744
all0152;Chr;comp;156259;155135
alr0153;Chr;direct;156575;158188
all0154;Chr;comp;159779;158589
all0155;Chr;comp;160524;159979
all0156;Chr;comp;161581;161060
all0157;Chr;comp;162349;161681
all0158;Chr;comp;163140;162352
alr0159;Chr;direct;163382;164575
all0160;Chr;comp;165712;164558
all0161;Chr;comp;166206;165871
alr0162;Chr;direct;166535;167335
asl0163;Chr;comp;167776;167600
all0164;Chr;comp;168349;167936
alr0165;Chr;direct;168634;171099
all0166;Chr;comp;172581;171094
all0167;Chr;comp;175426;172658
all0168;Chr;comp;177366;175504
alr0169;Chr;direct;177701;179629
all0170;Chr;comp;181122;180025
asl0171;Chr;comp;181595;181350
all0172;Chr;comp;181989;181582
all0173;Chr;comp;183116;182241
all0174;Chr;comp;184643;183300
alr0175;Chr;direct;185196;186017
asl0176;Chr;comp;186314;186051
all0177;Chr;comp;188296;186584
all0178;Chr;comp;190316;188577
asr0179;Chr;direct;190785;191030
alr0180;Chr;direct;191109;191891
alr0181;Chr;direct;191965;193395
all0182;Chr;comp;195522;193375
asr0183;Chr;direct;195669;195833
all0184;Chr;comp;197625;196342
all0185;Chr;comp;200283;198619
all0186;Chr;comp;200818;200312
all0187;Chr;comp;202406;200895
alr0188;Chr;direct;202511;203587
alr0189;Chr;direct;203773;205416
alr0190;Chr;direct;205651;206619
alr0191;Chr;direct;206635;207423
all0192;Chr;comp;209211;207550
all0193;Chr;comp;210192;209314
alr0194;Chr;direct;210583;211164
all0195;Chr;comp;211605;211252
alr0196;Chr;direct;211897;213228
all0197;Chr;comp;214217;213384
alr0198;Chr;direct;214817;215383
alr0199;Chr;direct;215440;215973
all0200;Chr;comp;217403;216123
alr0201;Chr;direct;217665;218324
alr0202;Chr;direct;218697;219911
alr0203;Chr;direct;220171;220659
asl0204;Chr;comp;220963;220781
alr0205;Chr;direct;221033;223189
asl0206;Chr;comp;223405;223223
all0207;Chr;comp;225500;223902
alr0208;Chr;direct;225850;226401
all0209;Chr;comp;227584;226463
all0210;Chr;comp;228100;227660
all0211;Chr;comp;228512;228132
alr0212;Chr;direct;228735;229634
alr0213;Chr;direct;229783;230712
alr0214;Chr;direct;230843;231313
all0215;Chr;comp;231970;231332
all0216;Chr;comp;232526;232191
all0217;Chr;comp;233348;232629
all0218;Chr;comp;234180;233461
all0219;Chr;comp;236096;234339
all0220;Chr;comp;237142;236408
alr0221;Chr;direct;237409;237903
alr0222;Chr;direct;238171;239307
alr0223;Chr;direct;239773;240891
alr0224;Chr;direct;240980;241564
alr0225;Chr;direct;241665;242273
alr0226;Chr;direct;242311;242616
alr0227;Chr;direct;242623;243543
alr0228;Chr;direct;243866;244669
asr0229;Chr;direct;244854;245078
alr0230;Chr;direct;245146;246753
all0231;Chr;comp;247927;246770
all0232;Chr;comp;248812;248183
all0233;Chr;comp;250580;248988
alr0234;Chr;direct;250960;251685
alr0235;Chr;direct;252003;252833
alr0236;Chr;direct;252979;254037
alr0237;Chr;direct;254248;255723
alr0238;Chr;direct;255954;256979
alr0239;Chr;direct;257073;258065
alr0240;Chr;direct;258160;259038
alr0241;Chr;direct;259275;259913
alr0242;Chr;direct;260010;261047
asr0243;Chr;direct;261189;261482
all0244;Chr;comp;262065;261541
all0245;Chr;comp;263525;262434
alr0246;Chr;direct;263654;264274
alr0247;Chr;direct;264415;265329
alr0248;Chr;direct;265824;266480
alr0249;Chr;direct;266826;267788
all0250;Chr;comp;269517;268690
all0251;Chr;comp;270709;269879
alr0252;Chr;direct;271108;272997
all0253;Chr;comp;273639;273001
all0254;Chr;comp;274637;273942
alr0255;Chr;direct;275105;276580
asl0256;Chr;comp;276831;276724
asr0257;Chr;direct;276959;277162
all0258;Chr;comp;277816;277397
all0259;Chr;comp;278779;278288
asl0260;Chr;comp;278927;278772
all0261;Chr;comp;279954;279124
all0262;Chr;comp;280837;280064
all0263;Chr;comp;282195;280987
alr0264;Chr;direct;283152;283607
all0265;Chr;comp;284212;283652
all0266;Chr;comp;285639;284329
alr0267;Chr;direct;286425;287651
all0268;Chr;comp;288592;287825
all0269;Chr;comp;289150;288596
all0270;Chr;comp;289846;289391
all0271;Chr;comp;290540;289986
asl0272;Chr;comp;290715;290560
all0273;Chr;comp;291733;290855
all0274;Chr;comp;294747;292267
all0275;Chr;comp;298141;295058
alr0276;Chr;direct;298527;305573
alr0277;Chr;direct;306021;306806
all0278;Chr;comp;308904;306868
alr0279;Chr;direct;309012;309596
alr0280;Chr;direct;309610;310296
asl0281;Chr;comp;310635;310525
all0282;Chr;comp;311120;310632
all0283;Chr;comp;316400;311157
all0284;Chr;comp;321618;316483
all0285;Chr;comp;322937;322617
alr0286;Chr;direct;323296;323748
all0287;Chr;comp;324665;323835
alr0288;Chr;direct;324735;325403
alr0289;Chr;direct;325649;326836
alr0290;Chr;direct;327539;329509
all0291;Chr;comp;330179;329715
all0292;Chr;comp;330925;330326
all0293;Chr;comp;335105;331110
asl0294;Chr;comp;335355;335200
alr0295;Chr;direct;335849;336547
alr0296;Chr;direct;336560;337333
alr0297;Chr;direct;337402;338556
all0298;Chr;comp;339041;338667
alr0299;Chr;direct;339569;340735
alr0300;Chr;direct;340821;341831
alr0301;Chr;direct;341995;343242
alr0302;Chr;direct;343736;344464
alr0303;Chr;direct;344599;344943
alr0304;Chr;direct;344951;347893
asl0305;Chr;comp;348436;348224
all0306;Chr;comp;349540;348578
all0307;Chr;comp;350298;349954
alr0308;Chr;direct;350779;354315
alr0309;Chr;direct;354517;355569
asl0310;Chr;comp;355829;355653
all0311;Chr;comp;356197;355826
alr0312;Chr;direct;356416;358179
all0313;Chr;comp;358614;358282
all0314;Chr;comp;359107;358805
all0315;Chr;comp;360015;359608
all0316;Chr;comp;361067;360180
alr0317;Chr;direct;361220;361531
alr0318;Chr;direct;361620;361973
asl0319;Chr;comp;362314;362048
all0320;Chr;comp;363260;362385
all0321;Chr;comp;364116;363247
all0322;Chr;comp;365480;364335
all0323;Chr;comp;371277;365851
all0324;Chr;comp;373027;371684
all0325;Chr;comp;373772;373038
all0326;Chr;comp;374501;373827
all0327;Chr;comp;375761;374982
all0328;Chr;comp;377473;375959
all0329;Chr;comp;378041;377622
all0330;Chr;comp;380198;378186
alr0331;Chr;direct;381135;383420
all0332;Chr;comp;383883;383515
all0333;Chr;comp;384757;384407
all0334;Chr;comp;385315;384998
alr0335;Chr;direct;385671;387518
alr0336;Chr;direct;387675;388145
all0337;Chr;comp;388561;388196
asl0338;Chr;comp;388727;388542
asl0339;Chr;comp;389018;388791
alr0340;Chr;direct;389300;390490
all0341;Chr;comp;391359;390487
all0342;Chr;comp;392746;391433
all0343;Chr;comp;393253;392789
alr0344;Chr;direct;393531;395921
all0345;Chr;comp;396802;395930
alr0346;Chr;direct;397530;398114
alr0347;Chr;direct;398131;398670
alr0348;Chr;direct;398957;400573
all0349;Chr;comp;401227;400811
all0350;Chr;comp;402141;401581
all0351;Chr;comp;403167;402259
all0352;Chr;comp;403920;403174
alr0353;Chr;direct;404006;404923
alr0354;Chr;direct;405302;410716
all0355;Chr;comp;411893;410925
alr0356;Chr;direct;412356;413216
alr0357;Chr;direct;413237;414868
asr0358;Chr;direct;414886;415137
alr0359;Chr;direct;415381;416127
all0360;Chr;comp;417359;416331
all0361;Chr;comp;418983;418474
all0362;Chr;comp;419549;419058
all0363;Chr;comp;420003;419644
all0364;Chr;comp;422826;420124
asr0365;Chr;direct;422997;423164
alr0366;Chr;direct;423175;426633
alr0367;Chr;direct;426657;430133
asr0368;Chr;direct;430287;430508
alr0369;Chr;direct;430925;432430
alr0370;Chr;direct;433506;434210
all0371;Chr;comp;435953;434685
all0372;Chr;comp;436539;435913
all0373;Chr;comp;437557;436553
all0374;Chr;comp;438891;437731
all0375;Chr;comp;439610;438969
all0376;Chr;comp;440152;439607
alr0377;Chr;direct;440620;441081
all0378;Chr;comp;442367;441159
alr0379;Chr;direct;442487;443245
all0380;Chr;comp;443648;443340
alr0381;Chr;direct;443723;444847
asr0382;Chr;direct;444955;445239
alr0383;Chr;direct;446871;447419
all0384;Chr;comp;449176;448247
all0385;Chr;comp;450206;449574
alr0386;Chr;direct;450699;452033
all0387;Chr;comp;453701;452145
all0388;Chr;comp;455045;454143
all0389;Chr;comp;455863;455042
all0390;Chr;comp;457753;456014
all0391;Chr;comp;459192;457996
all0392;Chr;comp;460472;459189
all0393;Chr;comp;461047;460466
all0394;Chr;comp;462939;461119
all0395;Chr;comp;464674;463058
all0396;Chr;comp;466155;464674
alr0397;Chr;direct;466625;469228
all0398;Chr;comp;469803;469420
asl0399;Chr;comp;470048;469800
all0400;Chr;comp;471059;470217
asl0401;Chr;comp;471582;471391
alr0402;Chr;direct;471952;472284
all0403;Chr;comp;472685;472356
all0404;Chr;comp;473017;472691
all0405;Chr;comp;475326;473248
all0406;Chr;comp;476902;475640
all0407;Chr;comp;477803;477036
all0408;Chr;comp;479365;478301
all0409;Chr;comp;480482;479388
all0410;Chr;comp;481724;480495
all0411;Chr;comp;482590;481778
all0412;Chr;comp;483600;482644
all0413;Chr;comp;484671;483799
all0414;Chr;comp;486823;484616
all0415;Chr;comp;488579;487182
all0416;Chr;comp;489969;488668
all0417;Chr;comp;491166;489982
all0418;Chr;comp;492165;491320
all0419;Chr;comp;493122;492211
all0420;Chr;comp;494213;493281
all0421;Chr;comp;495022;494249
all0422;Chr;comp;496292;495093
all0423;Chr;comp;497750;496392
all0424;Chr;comp;499095;497833
all0425;Chr;comp;500100;499108
all0426;Chr;comp;501198;500137
all0427;Chr;comp;503461;501572
alr0428;Chr;direct;504500;506413
alr0429;Chr;direct;506544;507374
alr0430;Chr;direct;507978;508844
asr0431;Chr;direct;509007;509249
all0432;Chr;comp;512093;509313
alr0433;Chr;direct;512707;513138
all0434;Chr;comp;513741;513409
all0435;Chr;comp;514127;513741
alr0436;Chr;direct;514358;515770
all0437;Chr;comp;516346;516041
all0438;Chr;comp;518649;516616
all0439;Chr;comp;519746;518988
alr0440;Chr;direct;519998;521683
all0441;Chr;comp;524256;521749
alr0442;Chr;direct;524483;524887
all0443;Chr;comp;526079;525207
alr0444;Chr;direct;526682;527059
alr0445;Chr;direct;527254;528816
alr0446;Chr;direct;528893;530164
alr0447;Chr;direct;530331;530996
asl0448;Chr;comp;531198;531013
asl0449;Chr;comp;531645;531523
all0450;Chr;comp;532221;531736
alr0451;Chr;direct;532806;534275
alr0452;Chr;direct;534272;535489
all0453;Chr;comp;537911;536187
all0454;Chr;comp;538945;537989
all0455;Chr;comp;539831;539127
all0456;Chr;comp;540460;539834
all0457;Chr;comp;543082;542435
all0458;Chr;comp;543930;543391
all0459;Chr;comp;544661;544302
asr0460;Chr;direct;545434;545679
asr0461;Chr;direct;545660;545950
all0462;Chr;comp;551614;546125
all0463;Chr;comp;552307;551768
all0464;Chr;comp;553847;552327
all0465;Chr;comp;554565;553873
all0466;Chr;comp;555555;554734
all0467;Chr;comp;556687;555635
all0468;Chr;comp;557561;556764
all0469;Chr;comp;560235;557578
all0470;Chr;comp;560650;560273
all0471;Chr;comp;561297;560680
alr0472;Chr;direct;562053;562592
all0473;Chr;comp;563570;562797
alr0474;Chr;direct;563847;565637
all0475;Chr;comp;566473;565700
all0476;Chr;comp;567409;566585
alr0477;Chr;direct;567782;568567
all0478;Chr;comp;573848;568722
all0479;Chr;comp;575155;573824
alr0480;Chr;direct;575338;576162
all0481;Chr;comp;576794;576231
asr0482;Chr;direct;577150;577344
alr0483;Chr;direct;577593;578954
alr0484;Chr;direct;579200;580126
asr0485;Chr;direct;580727;581005
alr0486;Chr;direct;581002;581670
alr0487;Chr;direct;582043;582639
alr0488;Chr;direct;582738;583550
alr0489;Chr;direct;583662;586343
alr0490;Chr;direct;586449;587126
asl0491;Chr;comp;587478;587221
all0492;Chr;comp;588186;587506
all0493;Chr;comp;590450;588267
asr0494;Chr;direct;590471;590647
all0495;Chr;comp;592066;590726
all0496;Chr;comp;592839;592111
all0497;Chr;comp;594049;593129
all0498;Chr;comp;595411;594224
alr0499;Chr;direct;595610;597223
asr0500;Chr;direct;597658;597834
alr0501;Chr;direct;597966;598376
alr0502;Chr;direct;598449;598904
asr0503;Chr;direct;598957;599157
alr0504;Chr;direct;599141;599608
asr0505;Chr;direct;599608;599784
alr0506;Chr;direct;599873;600457
alr0507;Chr;direct;600492;601676
alr0508;Chr;direct;601676;602239
alr0509;Chr;direct;602481;603005
alr0510;Chr;direct;603121;605130
alr0511;Chr;direct;605366;605962
alr0512;Chr;direct;605992;606798
all0513;Chr;comp;607351;606788
asl0514;Chr;comp;607714;607496
alr0515;Chr;direct;607888;608610
asr0516;Chr;direct;608845;609015
alr0517;Chr;direct;609201;610178
alr0518;Chr;direct;610600;610983
alr0519;Chr;direct;611123;611776
alr0520;Chr;direct;611773;612555
all0521;Chr;comp;613749;612610
alr0522;Chr;direct;614580;615518
alr0523;Chr;direct;616378;616896
alr0524;Chr;direct;616972;617460
alr0525;Chr;direct;617607;618443
alr0526;Chr;direct;618519;619280
alr0527;Chr;direct;619696;620217
alr0528;Chr;direct;620818;621339
alr0529;Chr;direct;621429;621920
alr0530;Chr;direct;622058;622918
asr0531;Chr;direct;623050;623292
alr0532;Chr;direct;623306;624136
alr0533;Chr;direct;624239;624841
alr0534;Chr;direct;624879;625718
alr0535;Chr;direct;625766;626509
alr0536;Chr;direct;626548;627261
alr0537;Chr;direct;627371;628132
all0538;Chr;comp;629105;628293
all0539;Chr;comp;629748;629110
alr0540;Chr;direct;629976;632966
alr0541;Chr;direct;632980;633462
all0542;Chr;comp;635329;633608
alr0543;Chr;direct;635773;636699
all0544;Chr;comp;637020;636694
alr0545;Chr;direct;637215;637829
alr0546;Chr;direct;637970;639349
alr0547;Chr;direct;639638;641680
alr0548;Chr;direct;641851;643134
alr0549;Chr;direct;643318;643719
asl0550;Chr;comp;644022;643804
asl0551;Chr;comp;644221;644033
alr0552;Chr;direct;644556;645125
alr0553;Chr;direct;645155;645667
alr0554;Chr;direct;645924;646316
alr0555;Chr;direct;646398;646952
alr0556;Chr;direct;647249;648469
alr0557;Chr;direct;648482;650272
alr0558;Chr;direct;650328;653369
alr0559;Chr;direct;653606;654184
asl0560;Chr;comp;654381;654181
asl0561;Chr;comp;654516;654391
all0562;Chr;comp;657062;654843
all0563;Chr;comp;657847;657224
alr0564;Chr;direct;658123;659316
all0565;Chr;comp;659951;659511
alr0566;Chr;direct;660534;661172
all0567;Chr;comp;662190;661198
alr0568;Chr;direct;662555;663622
all0569;Chr;comp;664023;663619
alr0570;Chr;direct;664184;664762
all0571;Chr;comp;665749;664868
asl0572;Chr;comp;666311;666084
alr0573;Chr;direct;666663;668573
all0574;Chr;comp;669749;668619
all0575;Chr;comp;670143;669829
alr0576;Chr;direct;670275;670598
alr0577;Chr;direct;670707;671204
all0578;Chr;comp;673923;671284
all0579;Chr;comp;674514;674056
all0580;Chr;comp;675519;674746
asr0581;Chr;direct;675943;676173
alr0582;Chr;direct;676349;677545
alr0583;Chr;direct;677653;679893
alr0584;Chr;direct;679928;681130
alr0585;Chr;direct;681153;682127
alr0586;Chr;direct;682169;683164
alr0587;Chr;direct;683166;684101
asl0588;Chr;comp;684637;684479
all0589;Chr;comp;685728;684721
alr0590;Chr;direct;685900;686505
all0591;Chr;comp;687272;686901
all0592;Chr;comp;689047;687329
alr0593;Chr;direct;689504;690595
all0594;Chr;comp;693298;690698
asl0595;Chr;comp;693659;693462
all0596;Chr;comp;694410;693751
asl0597;Chr;comp;694734;694477
alr0598;Chr;direct;695051;695746
alr0599;Chr;direct;696196;698103
alr0600;Chr;direct;698393;698881
all0601;Chr;comp;700069;698999
all0602;Chr;comp;701218;700280
all0603;Chr;comp;701766;701461
all0604;Chr;comp;702122;701763
all0605;Chr;comp;703479;702283
all0606;Chr;comp;704033;703623
alr0607;Chr;direct;704679;706289
alr0608;Chr;direct;706423;707745
alr0609;Chr;direct;707802;708641
alr0610;Chr;direct;708712;710685
alr0611;Chr;direct;710765;711598
alr0612;Chr;direct;711707;713947
alr0613;Chr;direct;714204;714671
alr0614;Chr;direct;714771;715232
all0615;Chr;comp;716369;715818
alr0616;Chr;direct;716601;717281
alr0617;Chr;direct;717353;717919
alr0618;Chr;direct;718010;718738
all0619;Chr;comp;719248;718745
all0620;Chr;comp;719649;719275
all0621;Chr;comp;720446;719661
alr0622;Chr;direct;720570;722213
all0623;Chr;comp;723694;722342
all0624;Chr;comp;725026;723731
all0625;Chr;comp;725878;725168
all0626;Chr;comp;727054;725963
alr0627;Chr;direct;727672;730395
asl0628;Chr;comp;730738;730457
asl0629;Chr;comp;730990;730745
all0630;Chr;comp;731373;730987
all0631;Chr;comp;731919;731527
all0632;Chr;comp;733046;732144
asl0633;Chr;comp;733213;733049
all0634;Chr;comp;733961;733440
all0635;Chr;comp;736518;734053
asr0636;Chr;direct;736855;737109
all0637;Chr;comp;738484;737168
all0638;Chr;comp;741102;738640
asl0639;Chr;comp;742042;741821
all0640;Chr;comp;743973;742333
all0641;Chr;comp;744499;744200
alr0642;Chr;direct;744780;746987
alr0643;Chr;direct;747211;747930
alr0644;Chr;direct;748097;748750
alr0645;Chr;direct;749082;749438
all0646;Chr;comp;750217;749516
alr0647;Chr;direct;750755;751351
all0648;Chr;comp;751904;751536
asr0649;Chr;direct;751964;752071
all0650;Chr;comp;753272;752319
alr0651;Chr;direct;753870;754394
alr0652;Chr;direct;754691;755761
alr0653;Chr;direct;756086;757402
asr0654;Chr;direct;757507;757704
alr0655;Chr;direct;757848;758441
alr0656;Chr;direct;758587;760725
alr0657;Chr;direct;761010;761945
alr0658;Chr;direct;762102;763487
all0659;Chr;comp;764045;763575
asl0660;Chr;comp;764196;764050
all0661;Chr;comp;765649;764231
asl0662;Chr;comp;766652;766473
alr0663;Chr;direct;767105;769003
all0664;Chr;comp;771861;769057
all0665;Chr;comp;773689;771779
all0666;Chr;comp;775349;774303
all0667;Chr;comp;776992;775547
alr0668;Chr;direct;777620;778216
alr0669;Chr;direct;778393;779280
asr0670;Chr;direct;780208;780402
alr0671;Chr;direct;780750;781547
alr0672;Chr;direct;781917;783218
asl0673;Chr;comp;783415;783290
asr0674;Chr;direct;783635;783760
all0675;Chr;comp;784233;783820
alr0677;Chr;direct;785653;787149
asl0678;Chr;comp;787252;787106
alr0679;Chr;direct;787330;788319
asr0680;Chr;direct;788689;788973
alr0681;Chr;direct;788970;789317
asr0682;Chr;direct;789688;789927
alr0683;Chr;direct;789914;790339
all0684;Chr;comp;792030;790480
alr0685;Chr;direct;792380;792952
all0686;Chr;comp;794568;793165
all0688;Chr;comp;796498;795536
asr0689;Chr;direct;796999;797265
asr0690;Chr;direct;797274;797498
alr0691;Chr;direct;797712;798701
alr0692;Chr;direct;798761;799237
alr0693;Chr;direct;799264;800436
alr0694;Chr;direct;800536;802893
asr0695;Chr;direct;803006;803254
alr0696;Chr;direct;803285;804436
asr0697;Chr;direct;804490;804705
alr0698;Chr;direct;804890;805993
alr0699;Chr;direct;806012;806353
alr0700;Chr;direct;806344;807189
asr0701;Chr;direct;807290;807448
alr0702;Chr;direct;807721;809010
all0703;Chr;comp;809473;809102
alr0704;Chr;direct;809775;811856
asr0705;Chr;direct;811838;811996
all0706;Chr;comp;812985;811999
all0707;Chr;comp;814420;813020
all0708;Chr;comp;815142;814582
alr0709;Chr;direct;815625;821015
alr0710;Chr;direct;821088;826487
all0711;Chr;comp;828683;826761
all0712;Chr;comp;829595;828696
all0713;Chr;comp;832168;829874
all0714;Chr;comp;832865;832518
asl0715;Chr;comp;833870;833700
asl0716;Chr;comp;834250;834089
alr0717;Chr;direct;834368;835045
alr0718;Chr;direct;835215;837044
alr0719;Chr;direct;837144;838325
alr0720;Chr;direct;838429;839139
all0721;Chr;comp;840372;839254
alr0722;Chr;direct;840515;841435
all0723;Chr;comp;842553;841462
asl0724;Chr;comp;842796;842575
alr0725;Chr;direct;842987;843433
all0726;Chr;comp;844993;843419
all0727;Chr;comp;846179;845403
alr0728;Chr;direct;846315;846992
all0729;Chr;comp;851996;847059
alr0730;Chr;direct;852308;853120
alr0731;Chr;direct;853219;853842
all0732;Chr;comp;855181;854219
alr0733;Chr;direct;855482;855925
alr0734;Chr;direct;855972;856592
alr0735;Chr;direct;856652;857254
all0736;Chr;comp;857969;857316
all0737;Chr;comp;859490;858039
alr0738;Chr;direct;859612;860538
alr0739;Chr;direct;861217;861798
alr0740;Chr;direct;861842;863368
alr0741;Chr;direct;863575;863883
asr0742;Chr;direct;864014;864202
all0743;Chr;comp;865951;864311
alr0744;Chr;direct;866400;867884
all0745;Chr;comp;868893;868012
all0746;Chr;comp;869460;868981
all0747;Chr;comp;870676;869618
all0748;Chr;comp;871410;870940
asl0749;Chr;comp;871692;871423
alr0750;Chr;direct;871942;872484
alr0751;Chr;direct;872575;873069
alr0752;Chr;direct;873380;875014
all0753;Chr;comp;875556;875161
all0754;Chr;comp;875936;875553
asr0755;Chr;direct;875994;876269
asr0756;Chr;direct;876253;876519
asr0757;Chr;direct;876673;876882
alr0758;Chr;direct;876869;877210
all0759;Chr;comp;881312;877323
alr0760;Chr;direct;881707;883038
alr0761;Chr;direct;883149;883646
alr0762;Chr;direct;883817;884533
alr0763;Chr;direct;884648;885238
alr0764;Chr;direct;885335;885880
alr0765;Chr;direct;885959;886573
alr0766;Chr;direct;886799;888250
all0767;Chr;comp;888887;888330
all0768;Chr;comp;889896;889009
all0769;Chr;comp;892725;889975
all0770;Chr;comp;893488;893012
all0771;Chr;comp;894780;893746
all0772;Chr;comp;896276;895659
asr0773;Chr;direct;896671;896958
alr0774;Chr;direct;897280;897666
all0775;Chr;comp;899588;897675
alr0776;Chr;direct;899704;900894
all0777;Chr;comp;901694;901197
all0778;Chr;comp;902951;901827
asl0779;Chr;comp;903154;902951
asr0780;Chr;direct;903362;903520
all0781;Chr;comp;904962;903538
alr0782;Chr;direct;905282;905989
all0783;Chr;comp;907198;906269
alr0784;Chr;direct;907716;908030
asr0785;Chr;direct;908214;908396
alr0786;Chr;direct;908486;909520
alr0787;Chr;direct;909647;910228
all0788;Chr;comp;911105;910383
alr0789;Chr;direct;911188;912072
alr0790;Chr;direct;912250;913305
alr0791;Chr;direct;913844;916825
all0792;Chr;comp;917404;916961
asl0793;Chr;comp;917612;917424
all0794;Chr;comp;919367;917733
asl0795;Chr;comp;919643;919389
all0796;Chr;comp;921741;919942
all0797;Chr;comp;922955;921867
asr0798;Chr;direct;923268;923510
alr0799;Chr;direct;923618;923941
all0800;Chr;comp;924638;924135
all0801;Chr;comp;925050;924715
all0802;Chr;comp;928345;925214
alr0803;Chr;direct;928924;930207
alr0804;Chr;direct;930304;930765
alr0805;Chr;direct;931003;931437
alr0806;Chr;direct;931596;932069
all0807;Chr;comp;933202;932507
all0808;Chr;comp;934597;933431
all0809;Chr;comp;935896;934676
alr0810;Chr;direct;936227;936844
alr0811;Chr;direct;936980;937279
alr0812;Chr;direct;937279;937977
all0813;Chr;comp;940262;938079
asl0814;Chr;comp;940592;940329
asl0815;Chr;comp;940815;940627
alr0816;Chr;direct;941010;941471
asl0817;Chr;comp;941761;941561
asl0818;Chr;comp;941979;941779
alr0819;Chr;direct;943252;944703
alr0820;Chr;direct;944828;946177
alr0821;Chr;direct;946235;946657
asl0822;Chr;comp;946934;946719
all0823;Chr;comp;947479;947102
all0824;Chr;comp;950557;947549
all0825;Chr;comp;952601;950550
asl0826;Chr;comp;952809;952576
all0827;Chr;comp;953955;952888
alr0828;Chr;direct;953982;954296
asl0829;Chr;comp;955233;955081
all0830;Chr;comp;956569;955685
alr0831;Chr;direct;956795;957157
all0832;Chr;comp;957987;957214
all0833;Chr;comp;959166;958147
alr0834;Chr;direct;959601;961136
all0835;Chr;comp;961760;961287
asl0836;Chr;comp;962241;962044
asr0837;Chr;direct;962472;962720
alr0838;Chr;direct;962950;964083
all0839;Chr;comp;965086;964166
alr0840;Chr;direct;965435;966517
alr0841;Chr;direct;966520;968988
asl0842;Chr;comp;969289;969047
asr0843;Chr;direct;969697;969873
all0844;Chr;comp;970729;970118
asl0845;Chr;comp;971068;970796
asl0846;Chr;comp;971699;971511
asr0847;Chr;direct;971785;971916
all0848;Chr;comp;975147;972004
alr0849;Chr;direct;975416;976951
all0850;Chr;comp;978022;977078
alr0851;Chr;direct;978239;979084
all0852;Chr;comp;980005;979397
all0853;Chr;comp;981998;979974
all0854;Chr;comp;983023;982688
asr0855;Chr;direct;983093;983344
alr0856;Chr;direct;983425;983970
alr0857;Chr;direct;983987;984376
all0858;Chr;comp;984763;984428
all0859;Chr;comp;986292;984790
all0860;Chr;comp;988975;986357
all0861;Chr;comp;991105;989468
all0862;Chr;comp;992227;991307
all0863;Chr;comp;993504;992689
all0864;Chr;comp;994251;993505
all0865;Chr;comp;996068;994401
all0866;Chr;comp;996480;996175
all0867;Chr;comp;996831;996487
all0868;Chr;comp;997321;997013
alr0869;Chr;direct;997980;999836
alr0870;Chr;direct;999925;1001427
alr0871;Chr;direct;1001547;1002677
all0872;Chr;comp;1006428;1002715
asl0873;Chr;comp;1006982;1006779
alr0874;Chr;direct;1008496;1009389
all0875;Chr;comp;1011395;1009737
all0876;Chr;comp;1012065;1011688
alr0877;Chr;direct;1012172;1012477
all0878;Chr;comp;1013353;1012535
all0879;Chr;comp;1014413;1013427
alr0880;Chr;direct;1014604;1016712
asl0881;Chr;comp;1017109;1016846
alr0882;Chr;direct;1018047;1018898
asl0883;Chr;comp;1019199;1019083
asl0884;Chr;comp;1019596;1019300
asl0885;Chr;comp;1019896;1019759
all0886;Chr;comp;1025671;1020119
all0887;Chr;comp;1026502;1025963
all0888;Chr;comp;1027538;1026828
all0889;Chr;comp;1029540;1027723
asr0890;Chr;direct;1029797;1030024
all0891;Chr;comp;1030684;1030262
alr0892;Chr;direct;1030963;1031364
alr0893;Chr;direct;1031408;1032502
alr0894;Chr;direct;1032663;1033388
alr0895;Chr;direct;1033466;1034635
alr0896;Chr;direct;1034897;1035316
alr0897;Chr;direct;1035420;1036589
alr0898;Chr;direct;1036601;1036942
all0899;Chr;comp;1037335;1036994
alr0900;Chr;direct;1037477;1042879
alr0901;Chr;direct;1043070;1043924
all0902;Chr;comp;1044789;1044043
all0903;Chr;comp;1045744;1044884
alr0904;Chr;direct;1046085;1047431
asr0905;Chr;direct;1047764;1048042
all0906;Chr;comp;1049096;1048368
all0907;Chr;comp;1050064;1049279
all0908;Chr;comp;1051602;1050820
all0909;Chr;comp;1052651;1051773
all0910;Chr;comp;1053712;1052681
all0911;Chr;comp;1054785;1053742
alr0912;Chr;direct;1055744;1056757
alr0913;Chr;direct;1056904;1057581
all0914;Chr;comp;1058884;1057871
all0915;Chr;comp;1059852;1058947
all0916;Chr;comp;1061148;1059868
all0917;Chr;comp;1061993;1061148
all0918;Chr;comp;1062871;1062149
all0919;Chr;comp;1064513;1063224
alr0920;Chr;direct;1064918;1066459
all0921;Chr;comp;1066910;1066560
alr0922;Chr;direct;1067406;1068212
asr0923;Chr;direct;1068680;1068883
all0924;Chr;comp;1069575;1069138
asr0925;Chr;direct;1070028;1070315
all0926;Chr;comp;1076449;1070498
all0927;Chr;comp;1079503;1076561
all0928;Chr;comp;1080030;1079500
all0929;Chr;comp;1080409;1080044
all0930;Chr;comp;1081920;1080682
alr0931;Chr;direct;1082335;1084086
all0932;Chr;comp;1085340;1084312
alr0933;Chr;direct;1085500;1086192
all0934;Chr;comp;1087629;1086196
all0935;Chr;comp;1088065;1087754
all0936;Chr;comp;1089294;1088239
all0937;Chr;comp;1091203;1089458
all0938;Chr;comp;1091868;1091455
alr0939;Chr;direct;1092759;1094102
asl0940;Chr;comp;1094451;1094158
asr0941;Chr;direct;1094762;1094881
alr0942;Chr;direct;1095133;1096035
alr0943;Chr;direct;1096090;1096650
alr0944;Chr;direct;1096696;1097217
all0945;Chr;comp;1098273;1097272
alr0946;Chr;direct;1100088;1100522
alr0947;Chr;direct;1100772;1101599
all0948;Chr;comp;1102688;1101732
all0949;Chr;comp;1103855;1102854
alr0950;Chr;direct;1104204;1105271
alr0951;Chr;direct;1105412;1107139
alr0952;Chr;direct;1107308;1107931
alr0953;Chr;direct;1108230;1108649
all0954;Chr;comp;1109593;1108682
all0955;Chr;comp;1110686;1109946
all0956;Chr;comp;1110988;1110656
alr0957;Chr;direct;1111860;1112309
all0958;Chr;comp;1113820;1112393
all0959;Chr;comp;1115273;1113864
alr0960;Chr;direct;1115407;1117173
all0961;Chr;comp;1117918;1117295
all0962;Chr;comp;1118410;1118093
alr0963;Chr;direct;1118527;1121649
alr0964;Chr;direct;1121819;1122163
alr0965;Chr;direct;1122160;1123605
all0966;Chr;comp;1125951;1123882
all0967;Chr;comp;1127627;1126140
all0968;Chr;comp;1128672;1127791
all0969;Chr;comp;1131039;1129408
alr0970;Chr;direct;1131535;1132485
alr0971;Chr;direct;1132502;1134214
alr0972;Chr;direct;1134563;1135318
alr0973;Chr;direct;1135394;1136026
alr0974;Chr;direct;1136071;1136979
alr0975;Chr;direct;1137001;1137729
all0976;Chr;comp;1138619;1137870
asl0977;Chr;comp;1139022;1138792
all0978;Chr;comp;1142579;1139019
all0979;Chr;comp;1144755;1144093
all0980;Chr;comp;1145999;1144905
alr0981;Chr;direct;1146326;1147174
all0982;Chr;comp;1148738;1147365
all0983;Chr;comp;1150056;1148974
all0984;Chr;comp;1150926;1150471
all0985;Chr;comp;1152509;1151301
alr0986;Chr;direct;1152761;1153729
alr0987;Chr;direct;1153734;1154045
all0988;Chr;comp;1155275;1154076
alr0989;Chr;direct;1155388;1155915
alr0990;Chr;direct;1156507;1158003
alr0991;Chr;direct;1158426;1159982
alr0992;Chr;direct;1160381;1161793
all0993;Chr;comp;1165209;1162000
asl0994;Chr;comp;1165772;1165509
all0995;Chr;comp;1166429;1165953
alr0996;Chr;direct;1166972;1168438
all0997;Chr;comp;1168959;1168549
alr0998;Chr;direct;1169392;1170306
alr0999;Chr;direct;1170482;1171375
alr1000;Chr;direct;1171949;1173031
alr1001;Chr;direct;1173376;1173921
alr1002;Chr;direct;1174084;1174584
all1003;Chr;comp;1175104;1174706
alr1004;Chr;direct;1175265;1176410
asr1005;Chr;direct;1176606;1176848
all1006;Chr;comp;1177564;1176845
all1007;Chr;comp;1179159;1177717
alr1008;Chr;direct;1179311;1180264
all1009;Chr;comp;1180740;1180363
alr1010;Chr;direct;1181159;1181539
all1011;Chr;comp;1182114;1181536
all1012;Chr;comp;1183598;1182300
alr1013;Chr;direct;1184093;1185604
alr1014;Chr;direct;1185933;1186274
alr1015;Chr;direct;1186435;1187010
alr1016;Chr;direct;1187046;1187435
asr1017;Chr;direct;1187442;1187630
alr1018;Chr;direct;1187627;1189021
all1019;Chr;comp;1189996;1189169
all1020;Chr;comp;1190707;1190138
all1021;Chr;comp;1193580;1190743
all1022;Chr;comp;1194122;1193694
all1023;Chr;comp;1194862;1194350
alr1024;Chr;direct;1195024;1195632
asr1025;Chr;direct;1195853;1195978
alr1026;Chr;direct;1196116;1197369
all1027;Chr;comp;1198698;1197400
alr1028;Chr;direct;1198932;1200038
alr1029;Chr;direct;1200141;1200908
alr1030;Chr;direct;1200905;1201666
alr1031;Chr;direct;1201776;1204247
all1032;Chr;comp;1204849;1204412
all1033;Chr;comp;1205341;1205015
all1034;Chr;comp;1205709;1205338
all1035;Chr;comp;1206296;1205856
alr1036;Chr;direct;1206496;1207446
alr1037;Chr;direct;1207483;1209504
asr1038;Chr;direct;1209658;1209900
alr1039;Chr;direct;1209924;1211120
alr1040;Chr;direct;1211302;1211739
alr1041;Chr;direct;1211965;1213002
alr1042;Chr;direct;1213221;1214507
all1043;Chr;comp;1215323;1214613
alr1044;Chr;direct;1215867;1216457
alr1045;Chr;direct;1216551;1217462
all1046;Chr;comp;1218334;1217552
all1047;Chr;comp;1219457;1218324
asr1048;Chr;direct;1219657;1219854
asr1049;Chr;direct;1219975;1220241
alr1050;Chr;direct;1220346;1221932
all1051;Chr;comp;1223373;1222204
alr1052;Chr;direct;1223855;1224733
all1053;Chr;comp;1226287;1224827
alr1054;Chr;direct;1226739;1228091
alr1055;Chr;direct;1228376;1228921
alr1056;Chr;direct;1229286;1229741
alr1057;Chr;direct;1230130;1230471
all1058;Chr;comp;1233639;1230574
all1059;Chr;comp;1236087;1233670
alr1060;Chr;direct;1236802;1237254
all1061;Chr;comp;1239920;1237674
all1062;Chr;comp;1240742;1240251
alr1063;Chr;direct;1240822;1241757
asr1064;Chr;direct;1242298;1242498
all1065;Chr;comp;1243301;1242516
asl1066;Chr;comp;1243766;1243551
alr1067;Chr;direct;1243775;1244212
all1068;Chr;comp;1247793;1244251
all1069;Chr;comp;1251294;1247986
all1070;Chr;comp;1251941;1251441
all1071;Chr;comp;1252324;1251962
all1072;Chr;comp;1253785;1252601
alr1073;Chr;direct;1254612;1257494
alr1074;Chr;direct;1257507;1258166
all1075;Chr;comp;1259231;1258347
all1076;Chr;comp;1260574;1259588
alr1077;Chr;direct;1260773;1261519
alr1078;Chr;direct;1261663;1262580
all1079;Chr;comp;1263666;1262650
alr1080;Chr;direct;1263865;1265148
alr1081;Chr;direct;1265503;1266525
all1082;Chr;comp;1267019;1266651
alr1083;Chr;direct;1267563;1268288
all1084;Chr;comp;1270140;1268305
alr1085;Chr;direct;1270718;1271485
alr1086;Chr;direct;1271561;1272697
all1087;Chr;comp;1273083;1272694
all1088;Chr;comp;1275309;1273903
all1089;Chr;comp;1276915;1275569
all1090;Chr;comp;1278491;1277055
all1091;Chr;comp;1278893;1278528
all1092;Chr;comp;1280385;1278925
alr1093;Chr;direct;1280559;1281683
alr1094;Chr;direct;1282080;1283138
alr1095;Chr;direct;1283199;1284212
alr1096;Chr;direct;1284315;1285577
alr1097;Chr;direct;1285583;1286713
asl1098;Chr;comp;1286941;1286771
all1099;Chr;comp;1288045;1287083
all1100;Chr;comp;1289403;1288408
all1101;Chr;comp;1292294;1289637
asr1102;Chr;direct;1292748;1292942
all1103;Chr;comp;1293274;1292936
alr1104;Chr;direct;1293372;1293824
alr1105;Chr;direct;1293889;1294284
all1106;Chr;comp;1295811;1294384
alr1107;Chr;direct;1295920;1296558
alr1108;Chr;direct;1296652;1298160
alr1109;Chr;direct;1298903;1299295
all1110;Chr;comp;1300690;1299482
asl1111;Chr;comp;1301303;1301070
alr1112;Chr;direct;1301997;1304192
alr1113;Chr;direct;1304511;1305893
alr1114;Chr;direct;1305896;1306654
asr1115;Chr;direct;1306700;1306906
all1116;Chr;comp;1307859;1306903
alr1117;Chr;direct;1308038;1309267
all1118;Chr;comp;1311478;1309271
all1119;Chr;comp;1312242;1311475
asl1120;Chr;comp;1312860;1312618
alr1121;Chr;direct;1313084;1318882
all1122;Chr;comp;1319368;1318856
all1123;Chr;comp;1320019;1319528
all1124;Chr;comp;1320996;1320298
alr1125;Chr;direct;1321117;1321497
all1126;Chr;comp;1323014;1321644
all1127;Chr;comp;1324744;1323383
alr1128;Chr;direct;1325217;1328843
alr1129;Chr;direct;1328902;1329879
all1130;Chr;comp;1330511;1329942
asr1131;Chr;direct;1330697;1330930
all1132;Chr;comp;1333522;1331525
alr1133;Chr;direct;1333867;1334349
asr1134;Chr;direct;1334633;1334815
asr1135;Chr;direct;1335523;1335699
alr1136;Chr;direct;1335734;1336255
alr1137;Chr;direct;1336737;1337060
alr1138;Chr;direct;1337443;1338597
alr1139;Chr;direct;1338862;1339479
all1140;Chr;comp;1340498;1339557
all1141;Chr;comp;1341821;1340976
alr1142;Chr;direct;1341881;1343446
alr1143;Chr;direct;1343545;1344126
alr1144;Chr;direct;1344346;1345218
all1145;Chr;comp;1347220;1345295
alr1146;Chr;direct;1347727;1350270
alr1147;Chr;direct;1350321;1353707
alr1148;Chr;direct;1353846;1354940
all1149;Chr;comp;1355507;1355019
asr1150;Chr;direct;1355678;1355878
all1151;Chr;comp;1356865;1356143
alr1152;Chr;direct;1356962;1357843
alr1153;Chr;direct;1357904;1358992
all1154;Chr;comp;1360031;1358922
alr1155;Chr;direct;1360455;1361621
asr1156;Chr;direct;1361951;1362163
alr1157;Chr;direct;1362495;1363706
alr1158;Chr;direct;1364017;1364502
alr1159;Chr;direct;1364601;1365608
alr1160;Chr;direct;1365706;1366008
all1161;Chr;comp;1366925;1366098
all1162;Chr;comp;1367618;1367208
all1163;Chr;comp;1368160;1367696
all1164;Chr;comp;1368628;1368248
asl1165;Chr;comp;1369054;1368788
alr1166;Chr;direct;1369218;1369757
alr1167;Chr;direct;1369858;1370586
all1168;Chr;comp;1371971;1370622
all1169;Chr;comp;1373068;1371971
alr1170;Chr;direct;1373561;1374265
alr1171;Chr;direct;1374252;1375598
all1172;Chr;comp;1376557;1375841
all1173;Chr;comp;1377356;1376790
alr1174;Chr;direct;1377768;1378481
all1175;Chr;comp;1381233;1378591
all1176;Chr;comp;1384457;1381851
all1177;Chr;comp;1385848;1384526
all1178;Chr;comp;1388613;1385845
all1179;Chr;comp;1389464;1388745
alr1180;Chr;direct;1390042;1391310
asl1181;Chr;comp;1391576;1391421
asr1182;Chr;direct;1391605;1391808
alr1183;Chr;direct;1392022;1393587
alr1184;Chr;direct;1393790;1396342
asr1185;Chr;direct;1396326;1396484
all1186;Chr;comp;1398017;1396560
asl1187;Chr;comp;1398347;1398147
all1188;Chr;comp;1399656;1398586
all1189;Chr;comp;1400801;1399746
alr1190;Chr;direct;1401054;1401413
all1191;Chr;comp;1402854;1401547
alr1192;Chr;direct;1403811;1405229
all1193;Chr;comp;1406032;1405529
alr1194;Chr;direct;1406796;1407482
asr1195;Chr;direct;1407674;1407946
alr1196;Chr;direct;1408147;1409220
alr1197;Chr;direct;1409379;1410155
alr1198;Chr;direct;1410152;1410964
alr1199;Chr;direct;1411069;1411821
alr1200;Chr;direct;1413295;1415427
alr1201;Chr;direct;1415571;1417739
asr1202;Chr;direct;1418141;1418329
asr1203;Chr;direct;1418674;1418961
asr1204;Chr;direct;1419485;1419691
all1205;Chr;comp;1420906;1419980
alr1206;Chr;direct;1421668;1422222
alr1207;Chr;direct;1422293;1423021
alr1208;Chr;direct;1423008;1423556
alr1209;Chr;direct;1423662;1424783
all1210;Chr;comp;1427698;1424978
all1211;Chr;comp;1429130;1427790
alr1212;Chr;direct;1429475;1430437
asr1213;Chr;direct;1430579;1430812
all1214;Chr;comp;1431831;1430869
alr1215;Chr;direct;1432343;1432981
alr1216;Chr;direct;1433292;1433741
alr1217;Chr;direct;1433852;1435588
asl1218;Chr;comp;1436187;1435951
all1219;Chr;comp;1439068;1436855
all1220;Chr;comp;1440609;1439626
all1221;Chr;comp;1441535;1440687
alr1222;Chr;direct;1442268;1443590
alr1223;Chr;direct;1443660;1445201
alr1224;Chr;direct;1445295;1445873
all1225;Chr;comp;1446943;1445996
all1226;Chr;comp;1448109;1447015
all1227;Chr;comp;1449282;1448230
all1228;Chr;comp;1450214;1449318
alr1229;Chr;direct;1450962;1456211
alr1230;Chr;direct;1456204;1457415
alr1231;Chr;direct;1457572;1458735
alr1232;Chr;direct;1459523;1461928
alr1233;Chr;direct;1462095;1462925
asr1234;Chr;direct;1463564;1463860
all1235;Chr;comp;1465417;1464014
alr1236;Chr;direct;1465738;1467252
all1237;Chr;comp;1469448;1467391
alr1238;Chr;direct;1470240;1470854
all1239;Chr;comp;1472048;1471215
alr1240;Chr;direct;1473004;1475355
alr1241;Chr;direct;1475373;1476002
alr1242;Chr;direct;1476319;1476984
asl1243;Chr;comp;1477319;1477101
alr1244;Chr;direct;1478704;1479249
alr1245;Chr;direct;1479485;1480378
alr1246;Chr;direct;1480481;1481002
alr1247;Chr;direct;1481103;1481963
all1248;Chr;comp;1482674;1482030
asl1249;Chr;comp;1483127;1482966
alr1250;Chr;direct;1483130;1484218
all1251;Chr;comp;1484876;1484232
all1252;Chr;comp;1485810;1485295
all1253;Chr;comp;1486646;1485930
alr1254;Chr;direct;1487122;1490055
alr1255;Chr;direct;1490270;1491241
all1256;Chr;comp;1492872;1491370
asr1257;Chr;direct;1492992;1493165
all1258;Chr;comp;1493579;1493178
alr1259;Chr;direct;1493867;1494652
alr1260;Chr;direct;1494747;1495538
alr1261;Chr;direct;1495626;1497467
asl1262;Chr;comp;1497796;1497578
alr1263;Chr;direct;1498346;1499314
alr1264;Chr;direct;1499374;1500972
all1265;Chr;comp;1501502;1501101
alr1266;Chr;direct;1501754;1503553
all1267;Chr;comp;1506229;1503599
all1268;Chr;comp;1506880;1506485
all1269;Chr;comp;1508533;1507526
alr1270;Chr;direct;1508709;1509659
alr1271;Chr;direct;1509754;1510494
all1272;Chr;comp;1513078;1510514
all1273;Chr;comp;1513677;1513354
asl1274;Chr;comp;1513847;1513668
asr1275;Chr;direct;1515178;1515342
alr1276;Chr;direct;1515314;1516141
asr1277;Chr;direct;1516479;1516595
alr1278;Chr;direct;1516774;1519371
all1279;Chr;comp;1520906;1519410
all1280;Chr;comp;1523753;1520928
all1281;Chr;comp;1525051;1524410
alr1282;Chr;direct;1525389;1526291
asr1283;Chr;direct;1526610;1526744
all1284;Chr;comp;1527713;1526847
alr1285;Chr;direct;1527904;1529715
alr1286;Chr;direct;1529883;1530710
all1287;Chr;comp;1531083;1530721
all1288;Chr;comp;1532275;1531124
asr1289;Chr;direct;1532669;1532881
all1290;Chr;comp;1533628;1533026
all1291;Chr;comp;1534404;1533964
all1292;Chr;comp;1535004;1534576
asl1293;Chr;comp;1535164;1535015
all1294;Chr;comp;1535634;1535302
alr1295;Chr;direct;1535955;1536767
alr1296;Chr;direct;1536816;1537232
alr1297;Chr;direct;1537345;1539285
alr1298;Chr;direct;1539534;1540037
alr1299;Chr;direct;1540090;1541265
alr1300;Chr;direct;1541400;1541852
alr1301;Chr;direct;1541868;1542527
alr1302;Chr;direct;1542715;1543293
all1303;Chr;comp;1544753;1543341
all1304;Chr;comp;1546586;1544865
asl1305;Chr;comp;1547713;1547441
alr1306;Chr;direct;1547962;1548774
asr1307;Chr;direct;1549457;1549693
alr1308;Chr;direct;1549876;1551633
asr1309;Chr;direct;1551989;1552219
alr1310;Chr;direct;1552356;1554590
alr1311;Chr;direct;1554785;1555909
alr1312;Chr;direct;1556074;1557438
alr1313;Chr;direct;1557607;1558695
asr1314;Chr;direct;1558784;1559050
alr1315;Chr;direct;1559149;1559958
all1316;Chr;comp;1561593;1560022
all1317;Chr;comp;1562527;1562084
all1318;Chr;comp;1565723;1562679
all1319;Chr;comp;1566757;1565798
alr1320;Chr;direct;1566918;1567319
all1321;Chr;comp;1567875;1567354
all1322;Chr;comp;1570443;1568269
all1323;Chr;comp;1572651;1570729
alr1324;Chr;direct;1572818;1574170
all1325;Chr;comp;1575321;1574203
all1326;Chr;comp;1576212;1575556
all1327;Chr;comp;1577077;1576277
asr1328;Chr;direct;1577189;1577344
alr1329;Chr;direct;1577559;1578971
alr1330;Chr;direct;1579251;1579706
alr1331;Chr;direct;1579924;1582785
alr1332;Chr;direct;1583116;1583766
asr1333;Chr;direct;1583948;1584160
alr1334;Chr;direct;1584750;1585301
asr1335;Chr;direct;1585377;1585544
alr1336;Chr;direct;1585689;1587539
alr1337;Chr;direct;1587686;1588627
all1338;Chr;comp;1590059;1588788
all1339;Chr;comp;1590935;1590078
all1340;Chr;comp;1591785;1591126
alr1341;Chr;direct;1592413;1592952
all1342;Chr;comp;1594892;1593027
alr1343;Chr;direct;1595159;1596298
asr1344;Chr;direct;1596398;1596610
all1345;Chr;comp;1597858;1596626
alr1346;Chr;direct;1598974;1599957
alr1347;Chr;direct;1600591;1601127
alr1348;Chr;direct;1601399;1603351
alr1349;Chr;direct;1603423;1604130
alr1350;Chr;direct;1604245;1605324
all1351;Chr;comp;1605770;1605321
alr1352;Chr;direct;1606165;1606800
all1353;Chr;comp;1607677;1606829
all1354;Chr;comp;1608834;1607752
all1355;Chr;comp;1609465;1608962
alr1356;Chr;direct;1609798;1610226
all1357;Chr;comp;1611743;1610700
alr1358;Chr;direct;1611998;1613053
all1359;Chr;comp;1614231;1613173
alr1360;Chr;direct;1614681;1615430
all1361;Chr;comp;1617470;1615917
alr1362;Chr;direct;1617725;1618582
all1363;Chr;comp;1619335;1618607
alr1364;Chr;direct;1619595;1620659
all1365;Chr;comp;1621125;1620751
asr1366;Chr;direct;1621334;1621447
all1367;Chr;comp;1622166;1621612
all1368;Chr;comp;1622886;1622251
alr1369;Chr;direct;1622945;1623457
alr1370;Chr;direct;1623581;1624945
all1371;Chr;comp;1625814;1625095
alr1372;Chr;direct;1626026;1626862
asr1373;Chr;direct;1627013;1627177
alr1374;Chr;direct;1627229;1628017
alr1375;Chr;direct;1628205;1628708
alr1376;Chr;direct;1629070;1630275
alr1377;Chr;direct;1630281;1631411
alr1378;Chr;direct;1631448;1633787
alr1379;Chr;direct;1633861;1634631
all1380;Chr;comp;1635676;1635098
alr1381;Chr;direct;1636028;1638016
alr1382;Chr;direct;1638286;1639296
alr1383;Chr;direct;1639323;1640957
alr1384;Chr;direct;1641228;1642313
alr1385;Chr;direct;1642433;1643173
alr1386;Chr;direct;1643304;1646309
all1387;Chr;comp;1647027;1646503
all1388;Chr;comp;1648719;1647424
all1389;Chr;comp;1651151;1648716
alr1390;Chr;direct;1651529;1654321
all1391;Chr;comp;1654903;1654469
alr1392;Chr;direct;1654951;1655823
asr1393;Chr;direct;1655868;1656032
asl1394;Chr;comp;1656584;1656309
all1395;Chr;comp;1657363;1656941
alr1396;Chr;direct;1657681;1659156
alr1397;Chr;direct;1659409;1663251
alr1398;Chr;direct;1663359;1665893
asr1399;Chr;direct;1666289;1666531
asr1400;Chr;direct;1666656;1666898
alr1401;Chr;direct;1666999;1667580
asl1402;Chr;comp;1667913;1667746
alr1403;Chr;direct;1667912;1669582
alr1404;Chr;direct;1670068;1670820
asr1405;Chr;direct;1670823;1671062
asr1406;Chr;direct;1671259;1671462
alr1407;Chr;direct;1671878;1673011
asr1408;Chr;direct;1672998;1673285
asr1409;Chr;direct;1673260;1673463
alr1410;Chr;direct;1673573;1674139
all1411;Chr;comp;1674542;1674171
asl1412;Chr;comp;1674899;1674624
all1413;Chr;comp;1676621;1675011
alr1414;Chr;direct;1677022;1678299
all1415;Chr;comp;1679384;1678653
all1416;Chr;comp;1680220;1679612
all1417;Chr;comp;1681960;1680557
all1418;Chr;comp;1683102;1682269
alr1419;Chr;direct;1683241;1684215
all1420;Chr;comp;1685641;1684871
asl1421;Chr;comp;1685894;1685682
alr1422;Chr;direct;1686093;1686578
alr1423;Chr;direct;1686942;1687403
all1424;Chr;comp;1687846;1687472
all1425;Chr;comp;1689150;1687864
all1426;Chr;comp;1689664;1689137
all1427;Chr;comp;1690310;1689717
asr1428;Chr;direct;1690957;1691166
asl1429;Chr;comp;1691573;1691322
all1430;Chr;comp;1691988;1691689
all1431;Chr;comp;1692544;1692173
all1432;Chr;comp;1693374;1692616
all1433;Chr;comp;1693747;1693430
asl1434;Chr;comp;1693959;1693744
all1435;Chr;comp;1694532;1694056
all1436;Chr;comp;1694942;1694529
all1437;Chr;comp;1696389;1695055
all1438;Chr;comp;1697831;1696389
all1439;Chr;comp;1698465;1698139
all1440;Chr;comp;1700281;1698743
alr1442;Chr;direct;1700741;1702159
alr1443;Chr;direct;1702353;1703375
alr1444;Chr;direct;1703675;1704235
all1445;Chr;comp;1704583;1704263
asl1446;Chr;comp;1704829;1704659
alr1447;Chr;direct;1704898;1705728
alr1448;Chr;direct;1705991;1707145
alr1449;Chr;direct;1707507;1708085
alr1450;Chr;direct;1708114;1709493
asr1451;Chr;direct;1710652;1710933
asr1452;Chr;direct;1710960;1711163
asr1453;Chr;direct;1711190;1711420
all1455;Chr;comp;1714283;1713396
all1456;Chr;comp;1715403;1714501
all1457;Chr;comp;1716737;1715535
alr1459;Chr;direct;1716847;1718391
alr1460;Chr;direct;1718608;1719189
alr1461;Chr;direct;1719363;1719776
alr1462;Chr;direct;1719764;1720099
all1463;Chr;comp;1722886;1721072
all1464;Chr;comp;1724165;1723260
all1465;Chr;comp;1726310;1724325
all1466;Chr;comp;1727734;1726385
all1467;Chr;comp;1729151;1728408
alr1468;Chr;direct;1729649;1731655
asr1469;Chr;direct;1732539;1732745
alr1470;Chr;direct;1733488;1734309
all1471;Chr;comp;1735078;1734362
all1472;Chr;comp;1736143;1735088
all1473;Chr;comp;1736672;1736145
all1474;Chr;comp;1737673;1736660
all1475;Chr;comp;1738604;1737678
all1476;Chr;comp;1739075;1738620
all1477;Chr;comp;1740376;1739072
all1478;Chr;comp;1741131;1740373
all1479;Chr;comp;1743494;1741128
all1480;Chr;comp;1744053;1743700
asl1481;Chr;comp;1744824;1744669
alr1482;Chr;direct;1744833;1745966
all1483;Chr;comp;1748482;1746056
all1484;Chr;comp;1749139;1748690
alr1485;Chr;direct;1749347;1749664
asr1486;Chr;direct;1749708;1749890
all1487;Chr;comp;1750373;1750062
all1488;Chr;comp;1751317;1750370
all1489;Chr;comp;1752214;1751357
alr1490;Chr;direct;1753102;1755054
alr1491;Chr;direct;1755051;1756157
alr1492;Chr;direct;1756560;1758017
alr1493;Chr;direct;1758210;1758527
asr1494;Chr;direct;1758766;1759014
all1495;Chr;comp;1759880;1759491
asl1496;Chr;comp;1760079;1759870
asl1497;Chr;comp;1760602;1760342
alr1498;Chr;direct;1760814;1761431
alr1499;Chr;direct;1761605;1762177
alr1500;Chr;direct;1762466;1763593
alr1501;Chr;direct;1763600;1764904
asl1502;Chr;comp;1765226;1764996
all1503;Chr;comp;1765942;1765403
all1504;Chr;comp;1766417;1765992
alr1505;Chr;direct;1766957;1768471
alr1506;Chr;direct;1768468;1769763
alr1507;Chr;direct;1769760;1770461
all1508;Chr;comp;1771048;1770509
all1509;Chr;comp;1772074;1771076
asl1510;Chr;comp;1772329;1772087
all1511;Chr;comp;1772773;1772396
all1512;Chr;comp;1773796;1773260
asl1513;Chr;comp;1774186;1773974
alr1514;Chr;direct;1774486;1774971
all1515;Chr;comp;1775632;1775021
all1517;Chr;comp;1778097;1776670
asl1518;Chr;comp;1779221;1779033
alr1519;Chr;direct;1779326;1780693
alr1520;Chr;direct;1780722;1781381
alr1521;Chr;direct;1781697;1783103
all1522;Chr;comp;1783909;1783136
all1523;Chr;comp;1785154;1783994
alr1524;Chr;direct;1785970;1787400
alr1525;Chr;direct;1787495;1787893
alr1526;Chr;direct;1787950;1788279
alr1527;Chr;direct;1788441;1790168
alr1528;Chr;direct;1790247;1791071
alr1529;Chr;direct;1791068;1791688
all1530;Chr;comp;1792252;1791893
alr1531;Chr;direct;1792330;1793517
asr1532;Chr;direct;1793647;1793877
alr1533;Chr;direct;1794445;1795689
alr1534;Chr;direct;1796090;1796524
alr1535;Chr;direct;1796600;1797319
alr1536;Chr;direct;1797811;1798536
alr1537;Chr;direct;1798659;1799855
alr1538;Chr;direct;1799944;1800861
alr1539;Chr;direct;1800903;1801370
alr1540;Chr;direct;1801473;1801859
all1541;Chr;comp;1802842;1802087
all1542;Chr;comp;1803408;1803037
alr1543;Chr;direct;1803558;1804439
alr1544;Chr;direct;1804613;1804981
alr1545;Chr;direct;1805104;1805487
alr1546;Chr;direct;1806230;1806742
all1547;Chr;comp;1807496;1806822
alr1548;Chr;direct;1807817;1808755
all1549;Chr;comp;1811100;1808845
alr1550;Chr;direct;1811387;1811746
alr1551;Chr;direct;1811833;1813647
alr1552;Chr;direct;1813806;1815458
all1553;Chr;comp;1817292;1815973
alr1554;Chr;direct;1817520;1819346
alr1555;Chr;direct;1820360;1821235
alr1556;Chr;direct;1821309;1822427
all1557;Chr;comp;1823364;1822504
asr1558;Chr;direct;1823804;1824010
asr1559;Chr;direct;1824178;1824429
alr1560;Chr;direct;1824426;1824785
alr1561;Chr;direct;1824897;1827590
alr1562;Chr;direct;1827611;1828645
alr1563;Chr;direct;1828647;1829405
alr1564;Chr;direct;1829479;1831683
alr1565;Chr;direct;1831760;1832377
alr1566;Chr;direct;1832407;1833279
alr1567;Chr;direct;1833470;1834060
alr1568;Chr;direct;1834184;1835185
alr1569;Chr;direct;1835379;1836272
asr1570;Chr;direct;1836368;1836556
alr1571;Chr;direct;1836576;1836881
asr1572;Chr;direct;1836881;1837039
all1573;Chr;comp;1838345;1837761
all1574;Chr;comp;1839092;1838355
alr1575;Chr;direct;1839677;1842820
alr1576;Chr;direct;1843958;1845817
alr1577;Chr;direct;1845982;1847082
alr1578;Chr;direct;1847129;1847605
alr1579;Chr;direct;1847710;1848378
alr1580;Chr;direct;1848817;1849932
alr1581;Chr;direct;1850343;1850732
alr1582;Chr;direct;1850770;1851159
alr1583;Chr;direct;1851188;1852192
alr1584;Chr;direct;1852199;1854151
alr1585;Chr;direct;1854201;1855610
alr1586;Chr;direct;1855846;1858332
all1587;Chr;comp;1860655;1858601
all1588;Chr;comp;1861713;1860808
alr1589;Chr;direct;1861944;1862330
all1590;Chr;comp;1862912;1862487
all1591;Chr;comp;1864433;1863132
asr1592;Chr;direct;1865163;1865456
alr1593;Chr;direct;1865536;1866321
alr1594;Chr;direct;1867058;1870453
alr1595;Chr;direct;1870588;1872465
alr1596;Chr;direct;1872581;1876633
all1597;Chr;comp;1877976;1876897
all1598;Chr;comp;1879398;1878346
all1599;Chr;comp;1880447;1879629
alr1600;Chr;direct;1880483;1881763
all1601;Chr;comp;1882963;1881770
alr1602;Chr;direct;1883375;1884097
alr1603;Chr;direct;1884267;1885136
alr1604;Chr;direct;1885289;1886032
alr1605;Chr;direct;1886166;1887320
all1606;Chr;comp;1888779;1887484
alr1607;Chr;direct;1888855;1889493
all1608;Chr;comp;1890289;1889561
alr1609;Chr;direct;1890543;1891763
all1610;Chr;comp;1892714;1892175
asr1611;Chr;direct;1892945;1893199
alr1612;Chr;direct;1893438;1894235
alr1613;Chr;direct;1894493;1895251
alr1614;Chr;direct;1895200;1897881
alr1615;Chr;direct;1898218;1902564
all1616;Chr;comp;1903579;1902896
all1617;Chr;comp;1905753;1903669
all1618;Chr;comp;1906534;1905965
alr1619;Chr;direct;1906948;1907943
alr1620;Chr;direct;1907944;1908756
alr1621;Chr;direct;1908825;1910528
alr1622;Chr;direct;1910570;1911169
alr1623;Chr;direct;1911264;1912118
alr1624;Chr;direct;1912358;1912666
all1625;Chr;comp;1918270;1912907
all1626;Chr;comp;1921223;1918560
alr1627;Chr;direct;1922149;1924410
alr1628;Chr;direct;1924422;1924985
alr1629;Chr;direct;1925125;1925535
all1630;Chr;comp;1926261;1925875
alr1631;Chr;direct;1926368;1926907
asl1632;Chr;comp;1927133;1927014
alr1633;Chr;direct;1927916;1929334
alr1634;Chr;direct;1929376;1930239
alr1635;Chr;direct;1930270;1931973
all1636;Chr;comp;1936515;1932370
alr1637;Chr;direct;1937098;1937418
all1638;Chr;comp;1938031;1937534
all1639;Chr;comp;1939297;1938254
all1640;Chr;comp;1940145;1939687
all1641;Chr;comp;1942274;1941108
all1642;Chr;comp;1944005;1942314
all1643;Chr;comp;1948864;1944059
all1644;Chr;comp;1950674;1948917
all1645;Chr;comp;1951699;1950938
all1646;Chr;comp;1955501;1951710
all1647;Chr;comp;1959074;1956111
all1648;Chr;comp;1964083;1959320
all1649;Chr;comp;1968810;1964098
asl1650;Chr;comp;1969392;1969135
all1651;Chr;comp;1970363;1969530
alr1652;Chr;direct;1972329;1973108
alr1653;Chr;direct;1973156;1974103
alr1654;Chr;direct;1974360;1975343
alr1655;Chr;direct;1975441;1976973
alr1656;Chr;direct;1977239;1980343
asl1657;Chr;comp;1980689;1980447
asl1658;Chr;comp;1981150;1980869
alr1659;Chr;direct;1981185;1982699
all1660;Chr;comp;1983135;1982833
asr1661;Chr;direct;1983278;1983514
asr1662;Chr;direct;1983540;1983806
all1663;Chr;comp;1985424;1983934
asl1664;Chr;comp;1985744;1985457
alr1665;Chr;direct;1986107;1987522
alr1666;Chr;direct;1987791;1989254
asr1667;Chr;direct;1989466;1989705
alr1668;Chr;direct;1990621;1991904
alr1669;Chr;direct;1991928;1992638
all1670;Chr;comp;1993064;1992717
asl1671;Chr;comp;1993417;1993265
all1672;Chr;comp;1994037;1993588
all1673;Chr;comp;1996223;1994820
alr1674;Chr;direct;1996311;1998554
alr1675;Chr;direct;1998775;1999443
asl1676;Chr;comp;1999760;1999584
alr1677;Chr;direct;2000048;2000890
all1678;Chr;comp;2002442;2000949
asl1679;Chr;comp;2002889;2002635
alr1680;Chr;direct;2003284;2004402
all1681;Chr;comp;2005496;2004495
all1682;Chr;comp;2007011;2005614
all1683;Chr;comp;2008889;2007711
all1684;Chr;comp;2010149;2008956
alr1685;Chr;direct;2010187;2010585
all1686;Chr;comp;2011588;2010677
alr1687;Chr;direct;2011721;2012605
all1688;Chr;comp;2014655;2012625
alr1689;Chr;direct;2014740;2018648
alr1690;Chr;direct;2018667;2019941
all1691;Chr;comp;2020526;2020071
all1692;Chr;comp;2022333;2021083
all1693;Chr;comp;2023772;2022849
all1694;Chr;comp;2024699;2023824
all1695;Chr;comp;2029337;2024988
all1696;Chr;comp;2035591;2029592
all1697;Chr;comp;2037025;2036117
alr1698;Chr;direct;2037306;2037935
all1699;Chr;comp;2038886;2038005
alr1700;Chr;direct;2039242;2040261
all1701;Chr;comp;2041541;2040372
all1702;Chr;comp;2042264;2041836
all1703;Chr;comp;2043941;2042268
all1704;Chr;comp;2044830;2044111
alr1705;Chr;direct;2045637;2046389
alr1706;Chr;direct;2046690;2047346
all1707;Chr;comp;2048124;2047354
all1708;Chr;comp;2049003;2048401
alr1709;Chr;direct;2049503;2050402
all1710;Chr;comp;2053827;2051113
all1711;Chr;comp;2055232;2054033
alr1712;Chr;direct;2056007;2058568
alr1713;Chr;direct;2059272;2059619
asr1714;Chr;direct;2059642;2059914
alr1715;Chr;direct;2060380;2061342
all1716;Chr;comp;2065374;2061373
all1717;Chr;comp;2068170;2066137
alr1718;Chr;direct;2068785;2069153
all1719;Chr;comp;2069911;2069594
asl1720;Chr;comp;2070282;2070004
alr1721;Chr;direct;2070435;2071007
alr1722;Chr;direct;2071069;2072004
all1723;Chr;comp;2072962;2072201
all1724;Chr;comp;2074667;2073264
all1725;Chr;comp;2075402;2074992
alr1726;Chr;direct;2075821;2076342
alr1727;Chr;direct;2076419;2076931
alr1728;Chr;direct;2077564;2078901
all1729;Chr;comp;2079810;2079166
all1730;Chr;comp;2081872;2080295
all1731;Chr;comp;2084497;2082221
all1732;Chr;comp;2085491;2085135
alr1733;Chr;direct;2085574;2085894
asr1734;Chr;direct;2086395;2086676
asl1735;Chr;comp;2087040;2086870
all1736;Chr;comp;2088040;2087345
all1737;Chr;comp;2089074;2088106
all1738;Chr;comp;2090599;2089262
asl1739;Chr;comp;2091047;2090868
alr1740;Chr;direct;2091223;2091621
all1741;Chr;comp;2094455;2091858
alr1742;Chr;direct;2094970;2096871
all1743;Chr;comp;2097995;2097006
alr1744;Chr;direct;2098495;2099649
all1745;Chr;comp;2100587;2099928
alr1746;Chr;direct;2100792;2101340
all1747;Chr;comp;2101801;2101451
all1748;Chr;comp;2103213;2102233
asl1749;Chr;comp;2103760;2103488
all1750;Chr;comp;2104900;2103839
all1751;Chr;comp;2105982;2105011
alr1752;Chr;direct;2106313;2106804
alr1753;Chr;direct;2107191;2108585
all1754;Chr;comp;2109216;2108626
all1755;Chr;comp;2109692;2109294
all1756;Chr;comp;2110583;2109762
all1757;Chr;comp;2111690;2110788
all1758;Chr;comp;2113184;2111793
all1759;Chr;comp;2115299;2113659
all1760;Chr;comp;2116239;2115604
all1761;Chr;comp;2117180;2116428
all1762;Chr;comp;2118518;2117622
all1763;Chr;comp;2119492;2118650
all1764;Chr;comp;2120393;2119743
all1765;Chr;comp;2120983;2120426
all1766;Chr;comp;2122007;2121006
all1767;Chr;comp;2123007;2122000
all1768;Chr;comp;2123997;2123029
all1769;Chr;comp;2124933;2124238
all1770;Chr;comp;2125993;2124971
all1771;Chr;comp;2126767;2126051
all1772;Chr;comp;2131300;2126798
asl1773;Chr;comp;2132310;2132044
all1774;Chr;comp;2133545;2132307
asr1775;Chr;direct;2134245;2134511
all1776;Chr;comp;2136611;2134602
asl1777;Chr;comp;2136766;2136614
asl1778;Chr;comp;2137119;2136883
alr1779;Chr;direct;2137716;2138717
all1780;Chr;comp;2139491;2138754
all1781;Chr;comp;2139991;2139599
all1782;Chr;comp;2142183;2140336
all1783;Chr;comp;2143064;2142459
all1784;Chr;comp;2144085;2143162
alr1785;Chr;direct;2144302;2146761
alr1786;Chr;direct;2147288;2150509
all1787;Chr;comp;2151259;2150636
alr1788;Chr;direct;2151563;2153074
asl1789;Chr;comp;2153627;2153364
alr1790;Chr;direct;2154040;2154381
alr1791;Chr;direct;2154558;2154887
alr1792;Chr;direct;2155111;2155830
alr1793;Chr;direct;2155893;2156765
alr1794;Chr;direct;2156868;2157302
asl1795;Chr;comp;2157650;2157402
alr1796;Chr;direct;2157748;2158170
all1797;Chr;comp;2158950;2158456
alr1798;Chr;direct;2159068;2160261
alr1799;Chr;direct;2160348;2161556
all1800;Chr;comp;2162422;2161850
asr1801;Chr;direct;2162443;2162604
all1802;Chr;comp;2164053;2162719
alr1803;Chr;direct;2164274;2165116
all1804;Chr;comp;2169022;2165159
alr1805;Chr;direct;2170389;2171252
all1806;Chr;comp;2172101;2171316
all1807;Chr;comp;2173023;2172169
alr1808;Chr;direct;2173105;2174061
alr1809;Chr;direct;2174290;2174757
alr1810;Chr;direct;2175579;2176607
all1811;Chr;comp;2178169;2176667
all1812;Chr;comp;2179987;2179610
all1813;Chr;comp;2180291;2179968
all1814;Chr;comp;2181013;2180444
alr1815;Chr;direct;2181136;2181774
all1816;Chr;comp;2182411;2181764
asr1817;Chr;direct;2182675;2182854
asr1818;Chr;direct;2183008;2183193
alr1819;Chr;direct;2183275;2184951
all1820;Chr;comp;2188056;2185027
alr1821;Chr;direct;2188125;2188706
alr1822;Chr;direct;2188887;2189321
all1823;Chr;comp;2190716;2189616
asl1824;Chr;comp;2190994;2190767
asl1825;Chr;comp;2191212;2190994
all1826;Chr;comp;2192003;2191287
alr1827;Chr;direct;2192333;2193754
asr1828;Chr;direct;2193881;2194144
all1829;Chr;comp;2194543;2194148
all1830;Chr;comp;2194864;2194556
all1831;Chr;comp;2196223;2195126
alr1832;Chr;direct;2196519;2197958
alr1833;Chr;direct;2197942;2198874
alr1834;Chr;direct;2199462;2200787
all1835;Chr;comp;2201719;2200898
asr1836;Chr;direct;2201834;2202001
all1837;Chr;comp;2202681;2202019
all1838;Chr;comp;2203259;2202678
asl1839;Chr;comp;2203518;2203240
asl1840;Chr;comp;2203766;2203515
all1841;Chr;comp;2204152;2203763
all1842;Chr;comp;2205576;2204149
all1843;Chr;comp;2205908;2205573
all1844;Chr;comp;2207464;2206295
alr1845;Chr;direct;2207650;2208309
all1846;Chr;comp;2210356;2208314
all1847;Chr;comp;2210933;2210361
all1848;Chr;comp;2211763;2210933
all1849;Chr;comp;2212735;2211917
alr1850;Chr;direct;2212895;2215108
alr1851;Chr;direct;2215300;2216013
alr1852;Chr;direct;2216017;2216646
alr1853;Chr;direct;2216788;2217357
alr1854;Chr;direct;2217387;2217899
alr1855;Chr;direct;2218094;2219854
alr1856;Chr;direct;2220384;2220725
asr1857;Chr;direct;2220890;2221120
alr1858;Chr;direct;2221478;2221837
alr1859;Chr;direct;2221932;2222423
alr1860;Chr;direct;2222954;2223313
all1861;Chr;comp;2224197;2223388
all1862;Chr;comp;2225412;2224411
all1863;Chr;comp;2226725;2225862
all1864;Chr;comp;2227669;2226920
all1865;Chr;comp;2228922;2227714
all1866;Chr;comp;2229278;2228946
alr1867;Chr;direct;2229356;2229694
alr1868;Chr;direct;2229732;2230031
alr1869;Chr;direct;2230179;2232419
alr1870;Chr;direct;2232459;2233508
all1871;Chr;comp;2233935;2233585
all1872;Chr;comp;2235590;2234079
all1873;Chr;comp;2236027;2235680
alr1874;Chr;direct;2236221;2236796
all1875;Chr;comp;2238379;2236871
all1876;Chr;comp;2239769;2238798
alr1877;Chr;direct;2239950;2240411
alr1878;Chr;direct;2240586;2241596
alr1879;Chr;direct;2241717;2243135
all1880;Chr;comp;2244314;2243238
all1881;Chr;comp;2245177;2244533
all1882;Chr;comp;2246052;2245351
alr1883;Chr;direct;2246384;2249968
all1884;Chr;comp;2250735;2250052
alr1885;Chr;direct;2251283;2252302
all1886;Chr;comp;2253362;2252568
all1887;Chr;comp;2254606;2253479
all1888;Chr;comp;2258538;2254768
all1889;Chr;comp;2259315;2258596
alr1890;Chr;direct;2259596;2261176
alr1891;Chr;direct;2261255;2262175
alr1892;Chr;direct;2262339;2262665
all1893;Chr;comp;2263105;2262788
alr1894;Chr;direct;2263478;2264233
all1895;Chr;comp;2265407;2264325
alr1896;Chr;direct;2265567;2267249
all1897;Chr;comp;2268192;2267476
asl1898;Chr;comp;2268510;2268346
asr1899;Chr;direct;2268672;2268905
alr1900;Chr;direct;2268929;2270413
alr1901;Chr;direct;2270591;2271637
all1902;Chr;comp;2272143;2271640
alr1903;Chr;direct;2272772;2277415
all1904;Chr;comp;2280083;2277501
alr1905;Chr;direct;2280690;2281046
alr1906;Chr;direct;2281207;2283624
asr1907;Chr;direct;2283855;2284022
all1908;Chr;comp;2284604;2284032
alr1909;Chr;direct;2285208;2286455
alr1910;Chr;direct;2286783;2287673
alr1911;Chr;direct;2288003;2291566
alr1912;Chr;direct;2291711;2292742
alr1913;Chr;direct;2293110;2294183
all1914;Chr;comp;2297573;2294202
asr1915;Chr;direct;2297885;2298067
all1916;Chr;comp;2299351;2298095
alr1917;Chr;direct;2299476;2299883
alr1918;Chr;direct;2300020;2300793
all1919;Chr;comp;2302639;2300999
alr1920;Chr;direct;2302929;2303669
alr1921;Chr;direct;2303806;2304813
asl1922;Chr;comp;2304960;2304865
alr1923;Chr;direct;2305186;2305788
alr1924;Chr;direct;2305860;2306951
alr1925;Chr;direct;2307770;2308498
alr1926;Chr;direct;2309836;2310426
alr1927;Chr;direct;2310609;2313644
alr1928;Chr;direct;2313735;2315273
alr1929;Chr;direct;2315533;2316381
asl1930;Chr;comp;2316817;2316536
all1931;Chr;comp;2318049;2316967
all1932;Chr;comp;2319348;2318176
asl1933;Chr;comp;2320144;2319911
asl1934;Chr;comp;2320487;2320254
asl1935;Chr;comp;2320830;2320597
asl1936;Chr;comp;2321207;2320962
asl1937;Chr;comp;2321590;2321339
asl1938;Chr;comp;2322421;2322164
all1939;Chr;comp;2324241;2322703
all1940;Chr;comp;2325844;2324258
alr1941;Chr;direct;2325995;2326312
alr1942;Chr;direct;2326285;2326608
all1943;Chr;comp;2327068;2326619
all1944;Chr;comp;2328012;2327191
asr1945;Chr;direct;2328122;2328343
alr1946;Chr;direct;2328360;2329727
all1947;Chr;comp;2330568;2329870
all1948;Chr;comp;2331412;2330672
all1949;Chr;comp;2332505;2331387
all1950;Chr;comp;2333706;2332546
all1951;Chr;comp;2335093;2333777
alr1952;Chr;direct;2335694;2337166
asr1953;Chr;direct;2337336;2337596
alr1954;Chr;direct;2337577;2337993
asr1955;Chr;direct;2338273;2338449
alr1956;Chr;direct;2338809;2339762
alr1957;Chr;direct;2339790;2340206
all1958;Chr;comp;2341294;2340203
alr1959;Chr;direct;2341550;2342335
alr1960;Chr;direct;2342560;2343039
alr1961;Chr;direct;2343117;2343776
asl1962;Chr;comp;2344174;2343878
alr1963;Chr;direct;2344408;2346852
all1964;Chr;comp;2347650;2346940
alr1965;Chr;direct;2347731;2348375
alr1966;Chr;direct;2348635;2351274
alr1967;Chr;direct;2351271;2351717
alr1968;Chr;direct;2351722;2354001
all1969;Chr;comp;2355225;2354011
all1970;Chr;comp;2356125;2355280
all1971;Chr;comp;2356694;2356182
all1972;Chr;comp;2357293;2356724
all1973;Chr;comp;2358189;2357350
all1974;Chr;comp;2361827;2358198
all1975;Chr;comp;2362966;2361824
alr1976;Chr;direct;2363110;2363475
alr1977;Chr;direct;2363478;2364023
alr1978;Chr;direct;2364323;2366203
alr1979;Chr;direct;2366304;2366822
all1980;Chr;comp;2367898;2366837
all1981;Chr;comp;2369402;2368425
alr1982;Chr;direct;2370491;2371444
all1983;Chr;comp;2373879;2371483
all1984;Chr;comp;2374427;2373942
all1985;Chr;comp;2375416;2374532
all1986;Chr;comp;2380185;2379223
all1987;Chr;comp;2382790;2382281
all1988;Chr;comp;2383642;2382860
all1989;Chr;comp;2386004;2383665
all1990;Chr;comp;2386662;2386021
all1991;Chr;comp;2387607;2386735
asl1992;Chr;comp;2387955;2387722
asl1993;Chr;comp;2388230;2388039
asl1994;Chr;comp;2388442;2388272
all1995;Chr;comp;2389132;2388467
all1996;Chr;comp;2389577;2389170
alr1997;Chr;direct;2389848;2390750
alr1998;Chr;direct;2390783;2392150
alr1999;Chr;direct;2392459;2393109
all2000;Chr;comp;2393772;2393179
alr2001;Chr;direct;2394000;2394815
all2002;Chr;comp;2395546;2394959
all2003;Chr;comp;2396214;2395912
all2004;Chr;comp;2398604;2396289
all2005;Chr;comp;2399163;2398711
all2006;Chr;comp;2400602;2399454
all2007;Chr;comp;2401233;2400694
all2008;Chr;comp;2402716;2401466
alr2009;Chr;direct;2403018;2404397
alr2010;Chr;direct;2404812;2405975
all2011;Chr;comp;2407019;2406078
all2012;Chr;comp;2408030;2407023
all2013;Chr;comp;2408755;2408036
alr2014;Chr;direct;2409116;2409568
alr2015;Chr;direct;2409576;2410007
asr2016;Chr;direct;2410218;2410511
all2017;Chr;comp;2411287;2410859
alr2018;Chr;direct;2411491;2412141
alr2019;Chr;direct;2412482;2412910
all2020;Chr;comp;2416619;2413761
all2021;Chr;comp;2418957;2416819
all2022;Chr;comp;2420395;2419028
all2023;Chr;comp;2422502;2420472
asl2024;Chr;comp;2422909;2422616
all2025;Chr;comp;2426482;2423195
all2026;Chr;comp;2427227;2426877
all2027;Chr;comp;2427720;2427385
asl2028;Chr;comp;2428042;2427854
all2029;Chr;comp;2429301;2428039
all2030;Chr;comp;2429759;2429406
all2031;Chr;comp;2430936;2429842
all2032;Chr;comp;2432146;2430974
all2033;Chr;comp;2432942;2432154
all2034;Chr;comp;2434361;2432985
all2035;Chr;comp;2435383;2434538
asr2036;Chr;direct;2435463;2435615
all2037;Chr;comp;2437014;2435914
all2038;Chr;comp;2439359;2437128
all2039;Chr;comp;2440363;2439824
all2040;Chr;comp;2441478;2440360
asr2041;Chr;direct;2442437;2442679
alr2042;Chr;direct;2442745;2444571
alr2043;Chr;direct;2444592;2447324
alr2044;Chr;direct;2447411;2450458
alr2045;Chr;direct;2450627;2451388
alr2046;Chr;direct;2451588;2453909
asl2047;Chr;comp;2454416;2454198
alr2048;Chr;direct;2454647;2455387
alr2049;Chr;direct;2455566;2456030
all2050;Chr;comp;2457728;2456091
alr2051;Chr;direct;2458069;2459898
asl2052;Chr;comp;2460198;2459902
all2053;Chr;comp;2461121;2460573
alr2054;Chr;direct;2461341;2462300
alr2055;Chr;direct;2463196;2463909
all2056;Chr;comp;2465097;2464159
alr2057;Chr;direct;2465228;2466097
all2058;Chr;comp;2467102;2466107
all2059;Chr;comp;2467766;2467173
alr2060;Chr;direct;2467904;2468407
asl2061;Chr;comp;2468754;2468476
all2062;Chr;comp;2469285;2468935
all2063;Chr;comp;2470003;2469353
alr2064;Chr;direct;2470593;2472113
all2065;Chr;comp;2473439;2472477
all2066;Chr;comp;2474260;2473748
all2067;Chr;comp;2474859;2474290
all2068;Chr;comp;2475907;2474972
all2069;Chr;comp;2476388;2476011
all2070;Chr;comp;2477376;2476471
alr2071;Chr;direct;2477674;2478150
all2072;Chr;comp;2479306;2478215
alr2073;Chr;direct;2479892;2481133
alr2074;Chr;direct;2481178;2481588
alr2075;Chr;direct;2481632;2482924
alr2076;Chr;direct;2483211;2484830
all2077;Chr;comp;2485313;2484948
asl2078;Chr;comp;2486144;2485896
alr2079;Chr;direct;2486176;2487936
all2080;Chr;comp;2488394;2487981
alr2081;Chr;direct;2488770;2489213
alr2082;Chr;direct;2489250;2490212
alr2083;Chr;direct;2490339;2490881
all2084;Chr;comp;2492061;2491093
all2085;Chr;comp;2492971;2492054
all2086;Chr;comp;2494804;2493110
alr2087;Chr;direct;2495318;2495629
all2088;Chr;comp;2496681;2495812
all2089;Chr;comp;2497236;2496754
alr2090;Chr;direct;2497473;2499281
all2091;Chr;comp;2500213;2499350
alr2092;Chr;direct;2505711;2506772
alr2093;Chr;direct;2506981;2507844
all2094;Chr;comp;2510021;2508306
all2095;Chr;comp;2514988;2510024
all2096;Chr;comp;2516125;2515433
all2097;Chr;comp;2517777;2516278
all2098;Chr;comp;2518359;2517982
all2099;Chr;comp;2519389;2518619
asl2100;Chr;comp;2519749;2519474
asl2101;Chr;comp;2519996;2519742
all2102;Chr;comp;2521436;2520111
all2103;Chr;comp;2522056;2521463
alr2104;Chr;direct;2522289;2523878
all2105;Chr;comp;2524702;2524079
alr2106;Chr;direct;2524933;2525265
all2107;Chr;comp;2525670;2525290
all2108;Chr;comp;2526278;2525673
all2109;Chr;comp;2526940;2526320
all2110;Chr;comp;2527552;2526947
alr2111;Chr;direct;2527742;2528419
alr2112;Chr;direct;2528424;2528975
all2113;Chr;comp;2530674;2529121
alr2114;Chr;direct;2530912;2532393
all2115;Chr;comp;2533326;2532454
all2116;Chr;comp;2534698;2533448
alr2117;Chr;direct;2535035;2536846
alr2118;Chr;direct;2537171;2537791
alr2119;Chr;direct;2537919;2539382
asr2120;Chr;direct;2539384;2539608
all2121;Chr;comp;2540601;2539609
alr2122;Chr;direct;2540872;2541480
alr2123;Chr;direct;2541480;2542862
all2124;Chr;comp;2548387;2543336
alr2125;Chr;direct;2548971;2549705
all2126;Chr;comp;2550892;2549963
all2127;Chr;comp;2552312;2550954
all2128;Chr;comp;2552822;2552484
all2129;Chr;comp;2555898;2553022
alr2130;Chr;direct;2556101;2556469
alr2131;Chr;direct;2556912;2558372
alr2132;Chr;direct;2558471;2559649
all2133;Chr;comp;2560230;2559898
all2134;Chr;comp;2561441;2560329
asr2135;Chr;direct;2562625;2562801
alr2136;Chr;direct;2563080;2563781
alr2137;Chr;direct;2564524;2567358
alr2138;Chr;direct;2567366;2567995
alr2139;Chr;direct;2568400;2568702
alr2140;Chr;direct;2569107;2569664
alr2141;Chr;direct;2569829;2570812
alr2142;Chr;direct;2570849;2571583
alr2143;Chr;direct;2571745;2572536
alr2144;Chr;direct;2572653;2572952
all2145;Chr;comp;2574247;2573297
all2146;Chr;comp;2576197;2574404
all2147;Chr;comp;2577714;2576629
all2148;Chr;comp;2580404;2577813
all2149;Chr;comp;2581642;2580623
asl2150;Chr;comp;2581924;2581757
asl2151;Chr;comp;2582603;2582400
all2152;Chr;comp;2583722;2582883
alr2153;Chr;direct;2584214;2586622
alr2154;Chr;direct;2586680;2587543
asr2155;Chr;direct;2587571;2587792
all2156;Chr;comp;2588247;2587831
all2157;Chr;comp;2589244;2588213
all2158;Chr;comp;2591956;2589320
all2159;Chr;comp;2593098;2592076
asr2160;Chr;direct;2593181;2593354
all2161;Chr;comp;2596387;2593463
all2162;Chr;comp;2598724;2596466
all2163;Chr;comp;2599276;2598767
all2164;Chr;comp;2599658;2599281
all2165;Chr;comp;2600718;2599675
all2166;Chr;comp;2602654;2601338
all2167;Chr;comp;2603377;2602880
alr2168;Chr;direct;2603383;2604570
alr2169;Chr;direct;2605145;2605627
all2170;Chr;comp;2608416;2605759
all2171;Chr;comp;2610853;2608409
asr2172;Chr;direct;2611093;2611350
alr2173;Chr;direct;2611347;2611700
alr2174;Chr;direct;2612058;2613053
alr2175;Chr;direct;2613234;2615825
alr2176;Chr;direct;2615954;2616922
all2177;Chr;comp;2618002;2617118
alr2178;Chr;direct;2618247;2619245
alr2179;Chr;direct;2619398;2620933
all2180;Chr;comp;2621806;2621495
asl2181;Chr;comp;2622089;2621958
asl2182;Chr;comp;2622555;2622319
all2183;Chr;comp;2623603;2622758
alr2184;Chr;direct;2623761;2624768
alr2185;Chr;direct;2624916;2627477
alr2186;Chr;direct;2627482;2628555
alr2187;Chr;direct;2628552;2629565
alr2188;Chr;direct;2629587;2630894
alr2189;Chr;direct;2631203;2632228
alr2190;Chr;direct;2632724;2634202
alr2191;Chr;direct;2634316;2635233
all2192;Chr;comp;2636316;2635534
all2193;Chr;comp;2636914;2636309
asl2194;Chr;comp;2637358;2637113
asl2195;Chr;comp;2637617;2637339
all2196;Chr;comp;2638230;2637832
asl2197;Chr;comp;2638453;2638217
all2198;Chr;comp;2639218;2638538
asl2199;Chr;comp;2639794;2639516
all2200;Chr;comp;2640982;2640422
alr2201;Chr;direct;2641726;2642241
alr2202;Chr;direct;2642444;2642968
alr2203;Chr;direct;2643001;2643852
alr2204;Chr;direct;2643855;2644841
alr2205;Chr;direct;2644877;2645218
asr2206;Chr;direct;2645313;2645531
alr2207;Chr;direct;2645595;2646443
alr2208;Chr;direct;2646871;2647866
alr2209;Chr;direct;2648025;2650673
alr2210;Chr;direct;2650904;2651896
alr2211;Chr;direct;2652134;2654698
alr2212;Chr;direct;2654776;2655756
alr2213;Chr;direct;2655775;2656752
alr2214;Chr;direct;2656752;2657630
alr2215;Chr;direct;2657732;2659039
all2216;Chr;comp;2660521;2659385
all2217;Chr;comp;2661419;2660694
all2218;Chr;comp;2662316;2661543
all2219;Chr;comp;2663396;2662530
all2220;Chr;comp;2664052;2663492
all2221;Chr;comp;2665654;2664152
all2222;Chr;comp;2667133;2665886
all2223;Chr;comp;2667630;2667169
all2224;Chr;comp;2668219;2667620
all2225;Chr;comp;2668741;2668286
alr2226;Chr;direct;2669096;2669836
all2227;Chr;comp;2671072;2670248
all2228;Chr;comp;2672098;2671097
all2229;Chr;comp;2673188;2672178
all2230;Chr;comp;2674083;2673286
alr2231;Chr;direct;2674674;2676362
all2232;Chr;comp;2676837;2676427
alr2233;Chr;direct;2677471;2677998
alr2234;Chr;direct;2678618;2680210
all2235;Chr;comp;2681402;2680443
all2236;Chr;comp;2684117;2681541
all2237;Chr;comp;2685314;2684304
all2238;Chr;comp;2686154;2685432
all2239;Chr;comp;2691380;2686257
alr2240;Chr;direct;2691633;2692223
alr2241;Chr;direct;2692248;2693381
alr2242;Chr;direct;2693858;2696203
all2243;Chr;comp;2698353;2696512
all2244;Chr;comp;2700303;2698396
all2245;Chr;comp;2701024;2700341
alr2246;Chr;direct;2701151;2701492
all2247;Chr;comp;2701995;2701618
all2248;Chr;comp;2702743;2702009
all2249;Chr;comp;2703308;2702841
all2250;Chr;comp;2703880;2703434
all2251;Chr;comp;2705109;2703877
all2252;Chr;comp;2705925;2705536
asl2253;Chr;comp;2706347;2706132
asl2254;Chr;comp;2706667;2706452
asr2255;Chr;direct;2707132;2707398
alr2256;Chr;direct;2708165;2709412
alr2257;Chr;direct;2709454;2711865
alr2258;Chr;direct;2712073;2717406
alr2259;Chr;direct;2717732;2719117
all2260;Chr;comp;2720389;2719487
alr2261;Chr;direct;2720748;2721356
all2262;Chr;comp;2722037;2721609
all2263;Chr;comp;2722958;2722089
alr2264;Chr;direct;2723405;2725036
alr2265;Chr;direct;2725143;2726279
alr2266;Chr;direct;2726406;2728985
all2267;Chr;comp;2729413;2729102
alr2268;Chr;direct;2730420;2731157
alr2269;Chr;direct;2731307;2733808
alr2270;Chr;direct;2733901;2734743
alr2271;Chr;direct;2734820;2735335
alr2272;Chr;direct;2735644;2736402
asr2273;Chr;direct;2736392;2736538
alr2274;Chr;direct;2736581;2737735
all2275;Chr;comp;2738630;2738046
alr2276;Chr;direct;2738971;2740266
all2277;Chr;comp;2741194;2740349
alr2278;Chr;direct;2741688;2742257
alr2279;Chr;direct;2742247;2746146
alr2280;Chr;direct;2746186;2747451
all2281;Chr;comp;2748228;2747530
all2282;Chr;comp;2753572;2748221
all2283;Chr;comp;2754144;2753815
all2284;Chr;comp;2754776;2754279
all2285;Chr;comp;2755778;2754777
all2286;Chr;comp;2756284;2755775
all2287;Chr;comp;2756736;2756281
all2288;Chr;comp;2757841;2756810
all2289;Chr;comp;2758916;2757927
all2290;Chr;comp;2760190;2758913
all2291;Chr;comp;2761173;2760187
all2292;Chr;comp;2762348;2761170
all2293;Chr;comp;2763520;2762423
alr2294;Chr;direct;2763872;2764900
alr2295;Chr;direct;2764897;2766294
alr2296;Chr;direct;2766360;2767640
all2297;Chr;comp;2768161;2767670
alr2298;Chr;direct;2768333;2769703
asl2299;Chr;comp;2770120;2769896
alr2300;Chr;direct;2770300;2770788
asl2301;Chr;comp;2771053;2771000
all2302;Chr;comp;2773150;2771978
all2303;Chr;comp;2774576;2773257
alr2304;Chr;direct;2774802;2775449
alr2305;Chr;direct;2775558;2776340
alr2306;Chr;direct;2777197;2779032
alr2307;Chr;direct;2779215;2780627
alr2308;Chr;direct;2780723;2782000
alr2309;Chr;direct;2782040;2783779
alr2310;Chr;direct;2783871;2784911
alr2311;Chr;direct;2785331;2785648
alr2312;Chr;direct;2785825;2787273
alr2313;Chr;direct;2787729;2788544
all2314;Chr;comp;2789680;2788835
all2315;Chr;comp;2790743;2789748
all2316;Chr;comp;2791724;2790870
all2317;Chr;comp;2792344;2791904
all2318;Chr;comp;2793283;2792489
all2319;Chr;comp;2793828;2793490
all2320;Chr;comp;2794814;2794221
alr2321;Chr;direct;2795099;2795536
alr2322;Chr;direct;2796127;2798769
alr2323;Chr;direct;2799039;2801015
alr2324;Chr;direct;2801432;2802625
alr2325;Chr;direct;2803092;2803775
alr2326;Chr;direct;2804495;2806126
all2327;Chr;comp;2807123;2806614
alr2328;Chr;direct;2807483;2808907
asl2329;Chr;comp;2809273;2809070
asr2330;Chr;direct;2809455;2809700
alr2331;Chr;direct;2809813;2810469
asl2332;Chr;comp;2811183;2810950
all2333;Chr;comp;2813056;2811269
all2334;Chr;comp;2815009;2813555
alr2335;Chr;direct;2815238;2816296
alr2336;Chr;direct;2816367;2817665
asl2337;Chr;comp;2818075;2817911
alr2338;Chr;direct;2818434;2820689
alr2339;Chr;direct;2821638;2822537
all2340;Chr;comp;2824032;2822818
all2341;Chr;comp;2824469;2824122
all2342;Chr;comp;2825401;2824625
all2343;Chr;comp;2826388;2825564
all2344;Chr;comp;2827834;2826515
alr2345;Chr;direct;2828054;2828611
alr2346;Chr;direct;2828984;2829298
all2347;Chr;comp;2830281;2829448
asr2348;Chr;direct;2830408;2830593
all2349;Chr;comp;2832373;2830757
alr2350;Chr;direct;2832938;2833879
alr2351;Chr;direct;2834049;2834780
all2352;Chr;comp;2835903;2834830
asl2353;Chr;comp;2836280;2835984
asl2354;Chr;comp;2836843;2836673
alr2355;Chr;direct;2837152;2838243
all2356;Chr;comp;2839127;2838333
all2357;Chr;comp;2839908;2839174
all2358;Chr;comp;2841018;2840038
alr2359;Chr;direct;2841443;2841850
asl2360;Chr;comp;2842273;2842076
alr2361;Chr;direct;2842854;2845382
asl2362;Chr;comp;2845867;2845634
alr2363;Chr;direct;2847122;2848534
all2364;Chr;comp;2849697;2848747
asr2365;Chr;direct;2850349;2850516
alr2366;Chr;direct;2850560;2850916
all2367;Chr;comp;2851478;2851152
all2368;Chr;comp;2852236;2851802
asr2369;Chr;direct;2852529;2852801
asl2370;Chr;comp;2853313;2853122
all2371;Chr;comp;2853854;2853441
alr2372;Chr;direct;2854465;2855484
alr2373;Chr;direct;2855600;2856487
alr2374;Chr;direct;2856532;2856921
all2375;Chr;comp;2857426;2856989
alr2376;Chr;direct;2857583;2857987
alr2377;Chr;direct;2858433;2859914
asr2378;Chr;direct;2859930;2860169
all2379;Chr;comp;2864385;2860351
asl2380;Chr;comp;2864879;2864712
all2381;Chr;comp;2865844;2865389
all2382;Chr;comp;2867327;2865888
asl2383;Chr;comp;2867798;2867622
all2384;Chr;comp;2871661;2870021
alr2385;Chr;direct;2871965;2872321
alr2386;Chr;direct;2872400;2872822
asr2387;Chr;direct;2872925;2873170
asr2388;Chr;direct;2873192;2873368
asr2389;Chr;direct;2873365;2873547
all2390;Chr;comp;2874478;2873558
all2391;Chr;comp;2875722;2874586
alr2392;Chr;direct;2875995;2876534
alr2393;Chr;direct;2876582;2877613
alr2394;Chr;direct;2877610;2878413
all2395;Chr;comp;2879083;2878415
all2396;Chr;comp;2880714;2879350
asl2397;Chr;comp;2881043;2880876
alr2398;Chr;direct;2881109;2882404
all2399;Chr;comp;2883212;2882454
asl2400;Chr;comp;2883543;2883331
asl2401;Chr;comp;2883893;2883597
all2402;Chr;comp;2884221;2883883
asl2403;Chr;comp;2884536;2884243
alr2404;Chr;direct;2884689;2885630
alr2405;Chr;direct;2886064;2886576
alr2406;Chr;direct;2886721;2887473
alr2407;Chr;direct;2887682;2888137
alr2408;Chr;direct;2888194;2888949
all2409;Chr;comp;2889635;2888934
all2410;Chr;comp;2891355;2889838
alr2411;Chr;direct;2891679;2893286
alr2412;Chr;direct;2893358;2895472
all2413;Chr;comp;2896793;2895591
alr2414;Chr;direct;2896951;2897637
all2415;Chr;comp;2898468;2897707
all2416;Chr;comp;2900122;2899124
asl2417;Chr;comp;2901112;2900912
alr2418;Chr;direct;2901472;2904114
all2419;Chr;comp;2904881;2904432
asl2420;Chr;comp;2905164;2904898
all2421;Chr;comp;2905837;2905421
all2422;Chr;comp;2906198;2905803
all2423;Chr;comp;2908329;2906230
all2424;Chr;comp;2909135;2908701
all2425;Chr;comp;2910310;2909543
alr2426;Chr;direct;2910839;2911360
asr2427;Chr;direct;2911399;2911635
alr2428;Chr;direct;2911981;2916864
alr2429;Chr;direct;2916977;2917360
all2430;Chr;comp;2923541;2917395
alr2431;Chr;direct;2923875;2924309
alr2432;Chr;direct;2924402;2925325
alr2433;Chr;direct;2925532;2927337
alr2434;Chr;direct;2927592;2928785
asl2435;Chr;comp;2929035;2928826
all2436;Chr;comp;2930943;2929156
asl2437;Chr;comp;2931299;2931105
all2438;Chr;comp;2931945;2931349
all2439;Chr;comp;2932615;2932097
alr2440;Chr;direct;2932939;2933943
all2441;Chr;comp;2934565;2934011
all2442;Chr;comp;2936072;2934849
all2443;Chr;comp;2937298;2936180
all2444;Chr;comp;2939358;2937346
alr2445;Chr;direct;2939744;2940490
alr2446;Chr;direct;2940773;2942734
alr2447;Chr;direct;2943360;2944490
asr2448;Chr;direct;2944490;2944747
alr2449;Chr;direct;2944744;2945856
alr2450;Chr;direct;2946055;2947644
asl2451;Chr;comp;2948006;2947776
all2452;Chr;comp;2949254;2948253
all2453;Chr;comp;2949906;2949367
alr2454;Chr;direct;2950135;2950443
asl2455;Chr;comp;2950928;2950716
all2456;Chr;comp;2952004;2951210
all2457;Chr;comp;2953438;2952941
alr2458;Chr;direct;2953896;2955101
all2459;Chr;comp;2956703;2955375
all2460;Chr;comp;2958218;2956938
all2461;Chr;comp;2959718;2958372
alr2462;Chr;direct;2959832;2960152
alr2463;Chr;direct;2961299;2962534
alr2464;Chr;direct;2962675;2963763
alr2465;Chr;direct;2963840;2964286
all2466;Chr;comp;2965196;2964342
alr2467;Chr;direct;2965277;2966068
asr2468;Chr;direct;2966185;2966415
asl2469;Chr;comp;2966642;2966421
all2470;Chr;comp;2968935;2966992
alr2471;Chr;direct;2969202;2969639
alr2472;Chr;direct;2969814;2970782
all2473;Chr;comp;2971194;2970796
asr2474;Chr;direct;2971339;2971617
alr2475;Chr;direct;2971782;2972456
alr2476;Chr;direct;2972553;2974469
all2477;Chr;comp;2975693;2974530
alr2478;Chr;direct;2975802;2976197
alr2479;Chr;direct;2976465;2977895
all2480;Chr;comp;2978895;2978044
alr2481;Chr;direct;2979503;2981620
alr2482;Chr;direct;2982519;2983898
alr2483;Chr;direct;2983911;2984513
alr2484;Chr;direct;2984474;2985220
alr2485;Chr;direct;2985297;2986997
alr2486;Chr;direct;2987055;2987957
all2487;Chr;comp;2988639;2987965
alr2488;Chr;direct;2988902;2989228
alr2489;Chr;direct;2989588;2990223
asl2490;Chr;comp;2990672;2990412
all2491;Chr;comp;2991463;2990780
alr2492;Chr;direct;2991689;2993128
alr2493;Chr;direct;2993211;2993999
alr2494;Chr;direct;2993999;2995360
alr2495;Chr;direct;2995394;2996656
alr2496;Chr;direct;2996663;2997139
all2497;Chr;comp;2998335;2997223
all2498;Chr;comp;2999363;2998395
asr2499;Chr;direct;2999612;2999797
all2500;Chr;comp;3001127;2999841
all2501;Chr;comp;3002555;3001329
alr2502;Chr;direct;3002797;3004845
alr2503;Chr;direct;3004907;3005386
asr2504;Chr;direct;3005622;3005843
alr2505;Chr;direct;3005901;3007067
all2506;Chr;comp;3008071;3007100
all2507;Chr;comp;3009423;3008236
all2508;Chr;comp;3011945;3010134
all2509;Chr;comp;3015047;3012156
alr2510;Chr;direct;3015820;3016770
all2511;Chr;comp;3017430;3016816
all2512;Chr;comp;3019424;3017835
asr2513;Chr;direct;3020323;3020616
alr2514;Chr;direct;3021198;3022181
alr2515;Chr;direct;3022214;3023893
alr2516;Chr;direct;3024037;3024630
alr2517;Chr;direct;3024720;3025205
alr2518;Chr;direct;3025533;3026144
asl2519;Chr;comp;3026589;3026359
alr2520;Chr;direct;3026666;3027181
all2521;Chr;comp;3028220;3027261
alr2522;Chr;direct;3029221;3029646
asr2523;Chr;direct;3029794;3030069
alr2524;Chr;direct;3030072;3030383
alr2525;Chr;direct;3030604;3030939
alr2526;Chr;direct;3031038;3032039
alr2527;Chr;direct;3032098;3032403
all2528;Chr;comp;3033171;3032485
all2529;Chr;comp;3035013;3033652
asl2530;Chr;comp;3035599;3035384
all2531;Chr;comp;3036403;3035897
alr2532;Chr;direct;3036844;3037749
all2533;Chr;comp;3039984;3037915
asl2534;Chr;comp;3040594;3040409
alr2535;Chr;direct;3040869;3041675
alr2536;Chr;direct;3041755;3042705
alr2537;Chr;direct;3042717;3043319
alr2538;Chr;direct;3043342;3044268
alr2539;Chr;direct;3044265;3045044
asl2540;Chr;comp;3045294;3045061
alr2541;Chr;direct;3045379;3046173
alr2542;Chr;direct;3046252;3047088
alr2543;Chr;direct;3047114;3047797
all2544;Chr;comp;3048590;3047970
all2545;Chr;comp;3049547;3048738
all2546;Chr;comp;3050325;3049780
all2547;Chr;comp;3050760;3050410
all2548;Chr;comp;3051221;3050901
all2549;Chr;comp;3052363;3051362
all2550;Chr;comp;3053092;3052433
asl2551;Chr;comp;3053927;3053664
asl2552;Chr;comp;3054482;3054327
asl2553;Chr;comp;3054950;3054768
alr2554;Chr;direct;3055041;3056282
asl2555;Chr;comp;3056432;3056310
all2556;Chr;comp;3057007;3056450
asl2557;Chr;comp;3057337;3057095
alr2558;Chr;direct;3057627;3058088
alr2559;Chr;direct;3058178;3059098
alr2560;Chr;direct;3059085;3060044
all2561;Chr;comp;3061250;3060033
alr2562;Chr;direct;3061976;3062389
all2563;Chr;comp;3063536;3062538
all2564;Chr;comp;3065241;3063811
asr2565;Chr;direct;3065263;3065466
all2566;Chr;comp;3066504;3065473
all2567;Chr;comp;3069092;3066711
all2568;Chr;comp;3070459;3069722
alr2569;Chr;direct;3070924;3071343
alr2570;Chr;direct;3071340;3072188
all2571;Chr;comp;3072823;3072374
alr2572;Chr;direct;3073430;3074932
all2573;Chr;comp;3075594;3075025
alr2574;Chr;direct;3076370;3077248
alr2575;Chr;direct;3077739;3078758
alr2576;Chr;direct;3078906;3079817
alr2577;Chr;direct;3079911;3080747
all2578;Chr;comp;3082425;3080926
alr2579;Chr;direct;3082508;3082831
all2580;Chr;comp;3083886;3082897
alr2581;Chr;direct;3084353;3086995
alr2582;Chr;direct;3087259;3088230
alr2583;Chr;direct;3088246;3089232
all2584;Chr;comp;3090226;3089357
all2585;Chr;comp;3091304;3090264
all2586;Chr;comp;3092332;3091301
alr2587;Chr;direct;3092807;3093790
alr2588;Chr;direct;3093940;3096495
alr2589;Chr;direct;3096541;3097494
alr2590;Chr;direct;3097495;3098487
alr2591;Chr;direct;3098738;3099724
alr2592;Chr;direct;3099885;3102434
alr2593;Chr;direct;3102468;3103469
alr2594;Chr;direct;3103553;3103987
alr2595;Chr;direct;3104317;3105309
alr2596;Chr;direct;3105581;3108043
alr2597;Chr;direct;3108094;3109143
all2598;Chr;comp;3110243;3109389
alr2599;Chr;direct;3110333;3110728
asr2600;Chr;direct;3111250;3111438
asl2601;Chr;comp;3111792;3111604
asr2602;Chr;direct;3112342;3112533
asr2603;Chr;direct;3112596;3112715
all2604;Chr;comp;3113022;3112708
asr2605;Chr;direct;3113571;3113732
alr2606;Chr;direct;3113723;3114181
asr2607;Chr;direct;3114219;3114416
all2608;Chr;comp;3115418;3114417
all2609;Chr;comp;3116380;3115421
all2610;Chr;comp;3118995;3116422
all2611;Chr;comp;3119776;3119330
all2612;Chr;comp;3120268;3119879
all2613;Chr;comp;3121306;3120326
alr2614;Chr;direct;3121729;3122055
alr2615;Chr;direct;3122060;3122851
alr2616;Chr;direct;3123178;3123609
all2617;Chr;comp;3124725;3123727
all2618;Chr;comp;3125327;3124734
all2619;Chr;comp;3126634;3125762
all2620;Chr;comp;3128642;3127032
all2621;Chr;comp;3129376;3128849
all2622;Chr;comp;3131416;3129695
all2623;Chr;comp;3133405;3131645
all2624;Chr;comp;3134539;3133691
alr2625;Chr;direct;3135470;3136513
alr2626;Chr;direct;3136801;3139419
alr2627;Chr;direct;3139457;3140452
alr2628;Chr;direct;3140786;3141580
alr2629;Chr;direct;3142176;3142487
asl2630;Chr;comp;3142896;3142660
all2631;Chr;comp;3145252;3143069
asl2632;Chr;comp;3145966;3145796
all2633;Chr;comp;3147406;3146063
alr2634;Chr;direct;3147946;3148605
all2635;Chr;comp;3153384;3148687
all2636;Chr;comp;3154012;3153437
all2637;Chr;comp;3154455;3154006
all2638;Chr;comp;3155746;3154511
asl2639;Chr;comp;3156020;3155868
all2640;Chr;comp;3156950;3156072
all2641;Chr;comp;3160037;3156978
all2642;Chr;comp;3163534;3160040
all2643;Chr;comp;3166839;3163531
all2644;Chr;comp;3174823;3166970
all2645;Chr;comp;3182305;3174926
all2646;Chr;comp;3186823;3182357
all2647;Chr;comp;3190151;3186891
all2648;Chr;comp;3197914;3190148
all2649;Chr;comp;3202671;3197920
all2650;Chr;comp;3204497;3202824
all2651;Chr;comp;3205665;3204484
all2652;Chr;comp;3206930;3205740
all2653;Chr;comp;3208003;3206933
all2654;Chr;comp;3212410;3208157
all2655;Chr;comp;3222397;3212609
all2656;Chr;comp;3224296;3223052
asl2657;Chr;comp;3224576;3224319
all2658;Chr;comp;3225445;3224600
alr2659;Chr;direct;3225573;3226289
alr2660;Chr;direct;3226368;3227432
all2661;Chr;comp;3228540;3227560
alr2662;Chr;direct;3229149;3229889
alr2663;Chr;direct;3229903;3231645
all2664;Chr;comp;3232675;3231782
asr2665;Chr;direct;3232718;3232915
asr2666;Chr;direct;3233430;3233657
asr2667;Chr;direct;3233668;3233913
asr2668;Chr;direct;3234090;3234305
asr2669;Chr;direct;3234302;3234508
all2670;Chr;comp;3236585;3234519
all2671;Chr;comp;3237646;3236675
all2672;Chr;comp;3238524;3237643
all2673;Chr;comp;3239969;3238656
all2674;Chr;comp;3242670;3240067
all2675;Chr;comp;3244421;3242898
all2676;Chr;comp;3247489;3244520
all2677;Chr;comp;3248264;3247587
alr2678;Chr;direct;3248682;3252302
alr2679;Chr;direct;3252330;3259766
alr2680;Chr;direct;3259881;3267437
all2681;Chr;comp;3268128;3267481
alr2682;Chr;direct;3268694;3274534
alr2683;Chr;direct;3275413;3276306
all2684;Chr;comp;3276832;3276293
all2685;Chr;comp;3277325;3276936
asl2686;Chr;comp;3277558;3277322
all2687;Chr;comp;3278907;3277624
all2688;Chr;comp;3280871;3278898
all2689;Chr;comp;3281312;3280875
asl2690;Chr;comp;3281674;3281510
alr2691;Chr;direct;3282086;3284110
all2692;Chr;comp;3284676;3284236
all2693;Chr;comp;3285029;3284646
alr2694;Chr;direct;3285536;3286429
alr2695;Chr;direct;3286573;3287058
alr2696;Chr;direct;3287087;3287530
alr2697;Chr;direct;3287574;3288044
alr2698;Chr;direct;3288210;3289430
all2699;Chr;comp;3292943;3290181
all2700;Chr;comp;3294467;3293280
all2701;Chr;comp;3295094;3294708
all2702;Chr;comp;3295689;3295120
all2703;Chr;comp;3296561;3295749
all2704;Chr;comp;3297504;3296572
all2705;Chr;comp;3298886;3297636
all2706;Chr;comp;3300264;3299275
all2707;Chr;comp;3302826;3300430
alr2708;Chr;direct;3303708;3304742
alr2709;Chr;direct;3304859;3305728
alr2710;Chr;direct;3306136;3306975
alr2711;Chr;direct;3306935;3308215
alr2712;Chr;direct;3308551;3309564
asl2713;Chr;comp;3309963;3309748
asl2714;Chr;comp;3310154;3309963
all2715;Chr;comp;3310867;3310223
all2716;Chr;comp;3311623;3311036
alr2717;Chr;direct;3311821;3313164
alr2718;Chr;direct;3313209;3314030
alr2719;Chr;direct;3314279;3315637
all2720;Chr;comp;3316713;3315625
all2721;Chr;comp;3317528;3316785
alr2722;Chr;direct;3317719;3319017
alr2723;Chr;direct;3319149;3320048
all2724;Chr;comp;3320603;3320055
alr2725;Chr;direct;3320837;3322276
alr2726;Chr;direct;3322734;3323156
asl2727;Chr;comp;3323347;3323168
alr2728;Chr;direct;3323990;3325873
alr2729;Chr;direct;3327355;3327855
alr2730;Chr;direct;3327852;3328457
alr2731;Chr;direct;3328482;3329396
alr2732;Chr;direct;3329430;3331097
asl2733;Chr;comp;3331418;3331167
alr2734;Chr;direct;3331632;3332234
alr2735;Chr;direct;3332484;3333116
all2736;Chr;comp;3333727;3333167
alr2737;Chr;direct;3333975;3334583
alr2738;Chr;direct;3335095;3336141
alr2739;Chr;direct;3336138;3337913
all2740;Chr;comp;3338370;3338050
alr2741;Chr;direct;3338960;3339508
alr2742;Chr;direct;3339505;3340647
alr2743;Chr;direct;3341315;3342559
alr2744;Chr;direct;3342644;3343927
alr2745;Chr;direct;3344178;3345095
alr2746;Chr;direct;3345457;3345810
all2747;Chr;comp;3346367;3345918
all2748;Chr;comp;3348241;3346961
alr2749;Chr;direct;3348453;3348923
all2750;Chr;comp;3349492;3348974
alr2751;Chr;direct;3349815;3350471
alr2752;Chr;direct;3350637;3351230
all2753;Chr;comp;3352154;3351333
all2754;Chr;comp;3352808;3352269
asr2755;Chr;direct;3352885;3353088
all2756;Chr;comp;3353537;3353136
asr2757;Chr;direct;3353600;3353770
alr2758;Chr;direct;3354035;3355258
alr2759;Chr;direct;3355350;3356531
all2760;Chr;comp;3357662;3356658
all2761;Chr;comp;3358784;3357867
alr2762;Chr;direct;3358982;3359503
asr2763;Chr;direct;3359814;3360002
alr2764;Chr;direct;3360065;3361255
alr2765;Chr;direct;3361252;3362463
alr2766;Chr;direct;3362493;3362819
all2767;Chr;comp;3363480;3363172
alr2768;Chr;direct;3363926;3364696
alr2769;Chr;direct;3364727;3365347
all2770;Chr;comp;3366758;3365520
alr2771;Chr;direct;3367200;3368891
all2772;Chr;comp;3370507;3369272
alr2773;Chr;direct;3370821;3371390
alr2774;Chr;direct;3371420;3371932
alr2775;Chr;direct;3372236;3372985
all2776;Chr;comp;3374125;3372965
all2777;Chr;comp;3374642;3374343
all2778;Chr;comp;3375858;3374839
asl2779;Chr;comp;3376272;3375979
alr2780;Chr;direct;3376722;3379367
asr2781;Chr;direct;3379638;3379808
alr2782;Chr;direct;3379826;3380269
alr2783;Chr;direct;3380408;3381343
alr2784;Chr;direct;3381496;3384018
alr2785;Chr;direct;3384469;3386418
asl2786;Chr;comp;3386784;3386587
all2787;Chr;comp;3389902;3387128
all2788;Chr;comp;3390472;3390032
all2789;Chr;comp;3390912;3390535
alr2790;Chr;direct;3391177;3391563
alr2791;Chr;direct;3391768;3395337
all2792;Chr;comp;3396545;3395352
all2793;Chr;comp;3398780;3396735
asl2794;Chr;comp;3399143;3398883
asr2795;Chr;direct;3399367;3399570
all2796;Chr;comp;3400953;3399541
all2797;Chr;comp;3401761;3401012
all2798;Chr;comp;3402194;3401784
all2799;Chr;comp;3403253;3402354
alr2800;Chr;direct;3403546;3407322
all2801;Chr;comp;3408413;3407526
alr2802;Chr;direct;3408897;3409337
alr2803;Chr;direct;3409650;3413249
all2804;Chr;comp;3413780;3413292
asl2805;Chr;comp;3414022;3413786
all2806;Chr;comp;3416368;3414155
alr2807;Chr;direct;3416913;3417329
all2808;Chr;comp;3418416;3417568
alr2809;Chr;direct;3418575;3419219
all2810;Chr;comp;3420393;3419284
alr2811;Chr;direct;3420617;3421969
alr2812;Chr;direct;3421973;3422713
all2813;Chr;comp;3423525;3422818
alr2814;Chr;direct;3423572;3424270
asr2815;Chr;direct;3424394;3424615
alr2816;Chr;direct;3424720;3427134
alr2817;Chr;direct;3428064;3431198
alr2818;Chr;direct;3432364;3432843
asr2819;Chr;direct;3433145;3433399
alr2820;Chr;direct;3434003;3434641
all2821;Chr;comp;3436053;3434680
alr2822;Chr;direct;3436657;3437331
alr2823;Chr;direct;3437542;3438324
alr2824;Chr;direct;3438414;3440612
alr2825;Chr;direct;3441147;3441920
alr2826;Chr;direct;3442031;3443245
alr2827;Chr;direct;3443322;3444350
alr2828;Chr;direct;3444428;3445441
alr2829;Chr;direct;3445449;3446261
alr2830;Chr;direct;3446346;3446915
alr2831;Chr;direct;3446985;3448298
alr2832;Chr;direct;3448705;3449793
alr2833;Chr;direct;3449820;3452135
alr2834;Chr;direct;3452912;3453679
alr2835;Chr;direct;3454238;3456061
alr2836;Chr;direct;3456248;3457216
alr2837;Chr;direct;3457336;3458310
alr2838;Chr;direct;3458481;3459266
alr2839;Chr;direct;3459432;3460577
alr2840;Chr;direct;3460577;3461524
alr2841;Chr;direct;3461549;3462973
all2842;Chr;comp;3463675;3463133
all2843;Chr;comp;3465558;3463675
asl2844;Chr;comp;3465889;3465686
all2845;Chr;comp;3466731;3465886
all2846;Chr;comp;3468716;3467094
all2847;Chr;comp;3470056;3468944
asl2848;Chr;comp;3470389;3470093
all2849;Chr;comp;3471023;3470430
asl2850;Chr;comp;3471580;3471344
alr2851;Chr;direct;3472110;3473330
all2852;Chr;comp;3474539;3473424
all2853;Chr;comp;3475869;3474859
all2854;Chr;comp;3477275;3475866
asl2855;Chr;comp;3477865;3477644
alr2856;Chr;direct;3478542;3480752
alr2857;Chr;direct;3481174;3482637
alr2858;Chr;direct;3482663;3483427
alr2859;Chr;direct;3483557;3484435
alr2860;Chr;direct;3484551;3485792
alr2861;Chr;direct;3485859;3487265
alr2862;Chr;direct;3487308;3487856
alr2863;Chr;direct;3487961;3488362
alr2864;Chr;direct;3488401;3489579
alr2865;Chr;direct;3489602;3490558
alr2866;Chr;direct;3490561;3491400
alr2867;Chr;direct;3491419;3492636
all2868;Chr;comp;3493510;3492815
all2869;Chr;comp;3494848;3493544
all2870;Chr;comp;3497093;3495168
all2871;Chr;comp;3498015;3497404
alr2872;Chr;direct;3498494;3498826
alr2873;Chr;direct;3498850;3499857
all2874;Chr;comp;3500894;3499902
all2875;Chr;comp;3506344;3500891
all2876;Chr;comp;3508500;3507043
alr2877;Chr;direct;3509080;3510456
alr2878;Chr;direct;3510547;3511386
alr2879;Chr;direct;3511460;3513463
alr2880;Chr;direct;3513586;3514455
alr2881;Chr;direct;3515023;3515970
alr2882;Chr;direct;3516116;3516748
all2883;Chr;comp;3521746;3518351
alr2884;Chr;direct;3522618;3522926
alr2885;Chr;direct;3523032;3523358
alr2886;Chr;direct;3523433;3524992
alr2887;Chr;direct;3525097;3527325
alr2888;Chr;direct;3527414;3527791
alr2889;Chr;direct;3527929;3528435
alr2890;Chr;direct;3528549;3529328
all2891;Chr;comp;3530127;3529351
alr2892;Chr;direct;3530311;3531807
all2893;Chr;comp;3532754;3531948
all2894;Chr;comp;3533895;3532795
alr2895;Chr;direct;3534050;3534829
asr2896;Chr;direct;3534929;3535120
all2897;Chr;comp;3537217;3535277
all2898;Chr;comp;3537729;3537220
all2899;Chr;comp;3539977;3537722
all2900;Chr;comp;3541427;3540525
asr2901;Chr;direct;3541673;3541903
alr2902;Chr;direct;3542511;3542921
alr2903;Chr;direct;3543695;3544513
all2904;Chr;comp;3545695;3544523
all2905;Chr;comp;3546326;3545757
all2906;Chr;comp;3547635;3546463
all2907;Chr;comp;3548105;3547707
all2908;Chr;comp;3550407;3548200
all2909;Chr;comp;3551374;3550757
all2910;Chr;comp;3552251;3551520
all2911;Chr;comp;3553653;3552496
all2912;Chr;comp;3554531;3553788
all2913;Chr;comp;3555397;3554612
asl2914;Chr;comp;3555863;3555639
all2915;Chr;comp;3557139;3555925
all2916;Chr;comp;3558289;3557324
all2917;Chr;comp;3559327;3558515
all2918;Chr;comp;3560152;3559445
all2919;Chr;comp;3560510;3560142
alr2920;Chr;direct;3560914;3561351
alr2921;Chr;direct;3561840;3562439
alr2922;Chr;direct;3562457;3562864
asl2923;Chr;comp;3563263;3562970
all2924;Chr;comp;3563574;3563275
alr2925;Chr;direct;3563809;3564291
alr2926;Chr;direct;3564298;3564987
alr2927;Chr;direct;3565116;3565514
all2928;Chr;comp;3566122;3565811
all2929;Chr;comp;3567090;3566296
all2930;Chr;comp;3567487;3567119
all2931;Chr;comp;3568275;3567799
asr2932;Chr;direct;3568926;3569180
alr2933;Chr;direct;3569181;3570413
all2934;Chr;comp;3571451;3570447
alr2935;Chr;direct;3572277;3573392
alr2936;Chr;direct;3573576;3575180
asr2937;Chr;direct;3575570;3575779
alr2938;Chr;direct;3576003;3576605
asr2939;Chr;direct;3577154;3577360
alr2940;Chr;direct;3577944;3578630
all2941;Chr;comp;3580436;3578718
asl2942;Chr;comp;3580692;3580468
alr2943;Chr;direct;3580794;3581297
alr2944;Chr;direct;3581323;3582045
alr2945;Chr;direct;3582106;3583608
alr2946;Chr;direct;3583851;3584954
alr2947;Chr;direct;3585383;3585814
alr2948;Chr;direct;3586169;3587176
alr2949;Chr;direct;3587522;3589384
all2950;Chr;comp;3590740;3589526
all2951;Chr;comp;3592223;3590670
all2952;Chr;comp;3594762;3592495
asr2953;Chr;direct;3595614;3595853
alr2954;Chr;direct;3595939;3596487
all2955;Chr;comp;3596982;3596590
all2956;Chr;comp;3598654;3597005
alr2957;Chr;direct;3599032;3600624
asr2958;Chr;direct;3600666;3600896
asr2959;Chr;direct;3600932;3601225
all2960;Chr;comp;3602052;3601306
all2961;Chr;comp;3603009;3602089
all2962;Chr;comp;3603298;3602990
all2963;Chr;comp;3604816;3603935
all2964;Chr;comp;3606809;3605481
all2965;Chr;comp;3607569;3607081
alr2966;Chr;direct;3607854;3608690
alr2967;Chr;direct;3608856;3609272
alr2968;Chr;direct;3609625;3610755
all2969;Chr;comp;3612751;3611012
all2970;Chr;comp;3614632;3612905
all2971;Chr;comp;3615088;3614771
alr2972;Chr;direct;3615380;3616027
alr2973;Chr;direct;3616207;3617235
alr2974;Chr;direct;3617251;3617898
alr2975;Chr;direct;3618030;3618602
all2976;Chr;comp;3619359;3618826
all2977;Chr;comp;3619806;3619432
asr2978;Chr;direct;3619937;3620101
alr2979;Chr;direct;3620173;3621135
alr2980;Chr;direct;3621248;3621571
all2981;Chr;comp;3623608;3621686
alr2982;Chr;direct;3623785;3624981
alr2983;Chr;direct;3625025;3625741
alr2984;Chr;direct;3625738;3626454
asr2985;Chr;direct;3626633;3626848
alr2986;Chr;direct;3627154;3629811
alr2987;Chr;direct;3630037;3630960
alr2988;Chr;direct;3630982;3631548
all2989;Chr;comp;3632403;3631555
alr2990;Chr;direct;3632823;3634889
alr2991;Chr;direct;3635083;3636084
all2992;Chr;comp;3636972;3636103
alr2993;Chr;direct;3637156;3637659
asr2994;Chr;direct;3637666;3637938
all2995;Chr;comp;3638795;3638046
all2996;Chr;comp;3639757;3638792
all2997;Chr;comp;3641248;3639854
alr2998;Chr;direct;3641341;3641889
alr2999;Chr;direct;3642344;3644863
all3000;Chr;comp;3646087;3644951
asr3001;Chr;direct;3646362;3646529
asr3002;Chr;direct;3646552;3646779
alr3003;Chr;direct;3646956;3647273
alr3004;Chr;direct;3647270;3647638
asr3005;Chr;direct;3647772;3647990
asr3006;Chr;direct;3648076;3648342
all3007;Chr;comp;3649358;3648603
alr3008;Chr;direct;3649895;3650257
alr3009;Chr;direct;3650459;3651256
all3010;Chr;comp;3653426;3651585
all3011;Chr;comp;3654478;3653702
alr3012;Chr;direct;3654808;3655956
all3013;Chr;comp;3656947;3656204
all3014;Chr;comp;3657459;3657097
alr3015;Chr;direct;3657656;3658009
all3016;Chr;comp;3658664;3658002
alr3017;Chr;direct;3658917;3659939
alr3018;Chr;direct;3660111;3660794
asr3019;Chr;direct;3661406;3661633
alr3020;Chr;direct;3661774;3662766
all3021;Chr;comp;3663788;3663270
all3022;Chr;comp;3664418;3663957
all3023;Chr;comp;3665036;3664542
all3024;Chr;comp;3665668;3665174
asl3025;Chr;comp;3666017;3665742
alr3026;Chr;direct;3666133;3666687
alr3027;Chr;direct;3666671;3668008
all3028;Chr;comp;3669273;3668179
all3029;Chr;comp;3669820;3669440
all3030;Chr;comp;3670318;3669821
all3031;Chr;comp;3672133;3670334
all3032;Chr;comp;3672969;3672376
all3033;Chr;comp;3674503;3673118
all3034;Chr;comp;3675275;3674571
all3035;Chr;comp;3676424;3675564
all3036;Chr;comp;3677180;3676833
alr3037;Chr;direct;3678017;3679207
alr3038;Chr;direct;3679339;3680289
all3039;Chr;comp;3680786;3680427
all3040;Chr;comp;3682118;3680976
all3041;Chr;comp;3685489;3682367
asr3042;Chr;direct;3686003;3686206
asr3043;Chr;direct;3686251;3686454
all3044;Chr;comp;3687125;3686631
all3045;Chr;comp;3688720;3687203
alr3046;Chr;direct;3689051;3689542
all3047;Chr;comp;3690667;3689723
all3048;Chr;comp;3691578;3690925
all3049;Chr;comp;3692242;3691853
alr3050;Chr;direct;3693228;3693983
all3051;Chr;comp;3694524;3694114
alr3052;Chr;direct;3694549;3695355
asr3053;Chr;direct;3695582;3695770
all3054;Chr;comp;3699243;3696127
alr3055;Chr;direct;3699535;3701226
alr3056;Chr;direct;3701406;3702701
alr3057;Chr;direct;3703378;3704592
alr3058;Chr;direct;3704628;3705854
alr3059;Chr;direct;3705960;3708143
alr3060;Chr;direct;3708146;3709555
alr3061;Chr;direct;3709624;3710703
alr3062;Chr;direct;3710770;3711735
alr3063;Chr;direct;3711770;3712762
alr3064;Chr;direct;3712759;3714171
alr3065;Chr;direct;3714158;3715423
alr3066;Chr;direct;3715434;3716564
alr3067;Chr;direct;3716581;3717552
alr3068;Chr;direct;3717602;3718552
alr3069;Chr;direct;3718782;3719963
alr3070;Chr;direct;3719986;3720942
alr3071;Chr;direct;3720982;3721938
alr3072;Chr;direct;3721992;3723263
alr3073;Chr;direct;3723391;3724365
alr3074;Chr;direct;3724431;3725480
all3075;Chr;comp;3726203;3725610
all3076;Chr;comp;3727134;3726394
alr3077;Chr;direct;3727151;3727774
alr3078;Chr;direct;3727905;3728909
alr3079;Chr;direct;3729034;3729597
asr3080;Chr;direct;3729610;3729813
asr3081;Chr;direct;3730015;3730224
asr3082;Chr;direct;3730379;3730633
all3083;Chr;comp;3731979;3730711
all3084;Chr;comp;3732965;3732297
alr3085;Chr;direct;3733322;3734047
alr3086;Chr;direct;3734056;3734538
all3087;Chr;comp;3736268;3734640
alr3088;Chr;direct;3736385;3737548
asr3089;Chr;direct;3737880;3738152
alr3090;Chr;direct;3738323;3739015
alr3091;Chr;direct;3739240;3739968
alr3092;Chr;direct;3740834;3744706
all3093;Chr;comp;3746580;3745060
asl3094;Chr;comp;3746865;3746674
alr3095;Chr;direct;3747036;3748004
alr3096;Chr;direct;3748020;3748979
alr3097;Chr;direct;3749022;3750029
asr3098;Chr;direct;3750606;3750818
alr3099;Chr;direct;3751026;3752270
alr3100;Chr;direct;3752321;3752776
alr3101;Chr;direct;3752848;3753495
alr3102;Chr;direct;3753779;3754318
alr3103;Chr;direct;3754949;3755929
all3104;Chr;comp;3756738;3756274
alr3105;Chr;direct;3757535;3758518
alr3106;Chr;direct;3758745;3759104
all3107;Chr;comp;3760412;3759195
all3108;Chr;comp;3760988;3760608
asr3109;Chr;direct;3761116;3761307
all3110;Chr;comp;3762185;3761376
all3111;Chr;comp;3763559;3762327
asl3112;Chr;comp;3763880;3763635
all3113;Chr;comp;3764646;3764002
all3114;Chr;comp;3766602;3764872
alr3115;Chr;direct;3767071;3770091
all3116;Chr;comp;3770895;3770158
asl3117;Chr;comp;3771387;3771124
all3118;Chr;comp;3772979;3771735
alr3119;Chr;direct;3773445;3775475
alr3120;Chr;direct;3775927;3779787
alr3121;Chr;direct;3779784;3780932
alr3122;Chr;direct;3781216;3781956
alr3123;Chr;direct;3781960;3783345
all3124;Chr;comp;3783761;3783426
alr3125;Chr;direct;3784286;3784999
alr3126;Chr;direct;3785366;3786748
all3127;Chr;comp;3787903;3786995
asl3128;Chr;comp;3788430;3788158
asl3129;Chr;comp;3788823;3788539
all3130;Chr;comp;3789447;3788968
all3131;Chr;comp;3790554;3789946
all3132;Chr;comp;3791696;3790551
asr3133;Chr;direct;3792169;3792444
asr3134;Chr;direct;3792610;3792819
all3135;Chr;comp;3793803;3792889
all3136;Chr;comp;3795479;3794211
asr3137;Chr;direct;3795565;3795813
alr3138;Chr;direct;3796043;3796585
alr3139;Chr;direct;3796703;3797383
alr3140;Chr;direct;3798691;3800058
all3141;Chr;comp;3801417;3800071
alr3142;Chr;direct;3801614;3802120
all3143;Chr;comp;3805352;3802179
all3144;Chr;comp;3806780;3805461
all3145;Chr;comp;3807858;3807490
alr3146;Chr;direct;3808410;3810341
alr3147;Chr;direct;3810379;3810870
all3148;Chr;comp;3811299;3810973
all3149;Chr;comp;3812374;3811415
alr3150;Chr;direct;3812823;3814283
all3151;Chr;comp;3814950;3814342
asl3152;Chr;comp;3815162;3814950
all3153;Chr;comp;3817336;3815210
all3154;Chr;comp;3819099;3817360
alr3155;Chr;direct;3819488;3820522
alr3156;Chr;direct;3820512;3821198
alr3157;Chr;direct;3821607;3823904
alr3158;Chr;direct;3823858;3824304
alr3159;Chr;direct;3824423;3825580
all3160;Chr;comp;3826121;3825606
all3161;Chr;comp;3828270;3826186
alr3162;Chr;direct;3828236;3829342
all3163;Chr;comp;3830414;3829371
asl3164;Chr;comp;3830707;3830411
alr3165;Chr;direct;3831313;3832098
alr3166;Chr;direct;3832115;3832492
all3167;Chr;comp;3833760;3832498
asr3168;Chr;direct;3834137;3834373
all3169;Chr;comp;3836176;3834497
alr3170;Chr;direct;3836736;3839801
all3171;Chr;comp;3841744;3840824
alr3172;Chr;direct;3841898;3842299
all3173;Chr;comp;3842791;3842360
all3174;Chr;comp;3843465;3842920
alr3175;Chr;direct;3843828;3844622
alr3176;Chr;direct;3844812;3845753
alr3177;Chr;direct;3845774;3846715
alr3178;Chr;direct;3846744;3847307
all3179;Chr;comp;3848193;3847390
all3180;Chr;comp;3850648;3848276
all3181;Chr;comp;3851751;3850783
alr3182;Chr;direct;3851949;3852686
alr3183;Chr;direct;3852775;3853236
all3184;Chr;comp;3853986;3853345
alr3185;Chr;direct;3854572;3855237
all3186;Chr;comp;3855986;3855582
alr3187;Chr;direct;3856114;3857619
alr3188;Chr;direct;3857710;3858510
alr3189;Chr;direct;3858986;3859762
asl3190;Chr;comp;3860099;3859947
all3191;Chr;comp;3860882;3860358
asl3192;Chr;comp;3861497;3861207
all3193;Chr;comp;3862067;3861546
all3194;Chr;comp;3862840;3862139
alr3195;Chr;direct;3862938;3863675
asl3196;Chr;comp;3864037;3863810
all3197;Chr;comp;3864960;3864400
all3198;Chr;comp;3865718;3864972
alr3199;Chr;direct;3865979;3867034
alr3200;Chr;direct;3867299;3867904
alr3201;Chr;direct;3868025;3868711
alr3202;Chr;direct;3868874;3869743
alr3203;Chr;direct;3869865;3870353
alr3204;Chr;direct;3870365;3870745
all3205;Chr;comp;3872244;3870802
all3206;Chr;comp;3874204;3872678
all3207;Chr;comp;3875864;3874260
all3208;Chr;comp;3877382;3876198
all3209;Chr;comp;3878947;3877463
alr3210;Chr;direct;3879025;3880230
all3211;Chr;comp;3880755;3880315
asl3212;Chr;comp;3880997;3880755
alr3213;Chr;direct;3881196;3882269
alr3214;Chr;direct;3882226;3882705
alr3215;Chr;direct;3882932;3883681
alr3216;Chr;direct;3883681;3884472
asr3217;Chr;direct;3884776;3884991
asr3218;Chr;direct;3885158;3885316
alr3219;Chr;direct;3885533;3885844
all3220;Chr;comp;3887806;3886139
all3221;Chr;comp;3888987;3888469
alr3222;Chr;direct;3889383;3889973
all3223;Chr;comp;3891022;3890297
alr3224;Chr;direct;3891088;3892542
alr3225;Chr;direct;3892626;3895586
all3226;Chr;comp;3898192;3896360
all3227;Chr;comp;3898589;3898194
alr3228;Chr;direct;3898719;3899459
alr3229;Chr;direct;3900028;3900843
alr3230;Chr;direct;3900913;3901866
alr3231;Chr;direct;3901870;3902187
all3232;Chr;comp;3903154;3902261
alr3233;Chr;direct;3904984;3907131
alr3234;Chr;direct;3907217;3907585
alr3235;Chr;direct;3907782;3908627
asl3236;Chr;comp;3909049;3908825
all3237;Chr;comp;3909592;3909122
alr3238;Chr;direct;3910902;3911306
all3239;Chr;comp;3911691;3911269
alr3240;Chr;direct;3912261;3913298
alr3241;Chr;direct;3913323;3914102
alr3242;Chr;direct;3914423;3917056
alr3243;Chr;direct;3917068;3917955
all3244;Chr;comp;3919338;3918154
all3245;Chr;comp;3922362;3919375
alr3246;Chr;direct;3923024;3923482
alr3247;Chr;direct;3923728;3924066
alr3248;Chr;direct;3924418;3925329
asr3249;Chr;direct;3925341;3925622
asr3250;Chr;direct;3925728;3925937
alr3251;Chr;direct;3925959;3926774
alr3252;Chr;direct;3926771;3927790
asl3253;Chr;comp;3928091;3927810
all3254;Chr;comp;3928537;3928100
all3255;Chr;comp;3929405;3928743
all3256;Chr;comp;3930653;3929847
all3257;Chr;comp;3931305;3930664
alr3258;Chr;direct;3931507;3932202
all3259;Chr;comp;3932907;3932281
alr3260;Chr;direct;3933567;3934283
asl3261;Chr;comp;3934775;3934578
asl3262;Chr;comp;3934911;3934759
all3263;Chr;comp;3936176;3935526
asl3264;Chr;comp;3936458;3936264
alr3265;Chr;direct;3936630;3937865
asr3266;Chr;direct;3937873;3938109
all3267;Chr;comp;3938685;3938200
alr3268;Chr;direct;3939114;3940688
alr3269;Chr;direct;3940925;3941629
all3270;Chr;comp;3942774;3941773
all3271;Chr;comp;3944132;3943014
all3272;Chr;comp;3945551;3944478
alr3273;Chr;direct;3945975;3947081
all3274;Chr;comp;3948058;3947177
all3275;Chr;comp;3950740;3948071
alr3276;Chr;direct;3951174;3952112
alr3277;Chr;direct;3952241;3952780
all3278;Chr;comp;3953669;3952851
asr3279;Chr;direct;3953900;3954094
alr3280;Chr;direct;3954895;3955551
alr3281;Chr;direct;3955707;3956312
all3282;Chr;comp;3956776;3956309
alr3283;Chr;direct;3956864;3959482
all3284;Chr;comp;3960117;3959686
alr3285;Chr;direct;3960134;3961057
all3286;Chr;comp;3962063;3961191
alr3287;Chr;direct;3962731;3963303
all3288;Chr;comp;3966462;3963307
all3289;Chr;comp;3970399;3966530
all3290;Chr;comp;3971925;3970396
all3291;Chr;comp;3972629;3972087
all3292;Chr;comp;3975295;3972716
alr3293;Chr;direct;3975897;3977201
asr3294;Chr;direct;3977275;3977550
all3295;Chr;comp;3977971;3977627
alr3296;Chr;direct;3978123;3979160
alr3297;Chr;direct;3979394;3980023
all3298;Chr;comp;3980563;3980069
asr3299;Chr;direct;3980635;3980922
alr3300;Chr;direct;3981209;3982285
alr3301;Chr;direct;3982489;3983322
alr3302;Chr;direct;3983334;3984041
alr3303;Chr;direct;3984035;3985021
alr3304;Chr;direct;3985044;3986426
all3305;Chr;comp;3988862;3987372
all3306;Chr;comp;3989846;3989088
alr3307;Chr;direct;3990177;3991358
asr3308;Chr;direct;3991422;3991718
asr3309;Chr;direct;3991780;3991965
all3310;Chr;comp;3994095;3991999
alr3311;Chr;direct;3994744;3998766
alr3312;Chr;direct;3998809;3999129
all3313;Chr;comp;4000866;3999184
all3314;Chr;comp;4005311;4000881
all3315;Chr;comp;4009388;4005381
all3316;Chr;comp;4009953;4009489
all3317;Chr;comp;4013651;4009956
all3318;Chr;comp;4014149;4013700
all3319;Chr;comp;4014453;4014151
all3320;Chr;comp;4016308;4014539
all3321;Chr;comp;4017009;4016305
asl3322;Chr;comp;4017350;4017198
all3323;Chr;comp;4017902;4017399
all3324;Chr;comp;4018345;4017914
all3325;Chr;comp;4019914;4018460
all3326;Chr;comp;4021131;4019932
all3327;Chr;comp;4021818;4021240
all3328;Chr;comp;4023059;4022295
all3329;Chr;comp;4024518;4023220
alr3330;Chr;direct;4025223;4025597
alr3331;Chr;direct;4025732;4027900
all3332;Chr;comp;4028865;4028245
all3333;Chr;comp;4030145;4028862
all3334;Chr;comp;4031024;4030233
all3335;Chr;comp;4031913;4031092
alr3336;Chr;direct;4032027;4032911
alr3337;Chr;direct;4033203;4033550
alr3338;Chr;direct;4033727;4035076
alr3339;Chr;direct;4035126;4036433
alr3340;Chr;direct;4036436;4036909
all3341;Chr;comp;4037922;4037017
asr3342;Chr;direct;4038359;4038613
alr3343;Chr;direct;4038834;4040084
alr3344;Chr;direct;4040456;4042468
alr3345;Chr;direct;4042803;4043825
all3346;Chr;comp;4048205;4043919
all3347;Chr;comp;4050432;4048537
all3348;Chr;comp;4051174;4050503
all3349;Chr;comp;4052128;4051424
alr3350;Chr;direct;4052475;4053392
alr3351;Chr;direct;4054079;4055218
alr3352;Chr;direct;4055406;4055867
alr3353;Chr;direct;4056687;4058969
all3354;Chr;comp;4059951;4059043
alr3355;Chr;direct;4060270;4061454
alr3356;Chr;direct;4061957;4062496
alr3357;Chr;direct;4062533;4063747
alr3358;Chr;direct;4064099;4064977
all3359;Chr;comp;4066285;4065023
asl3360;Chr;comp;4066476;4066309
alr3361;Chr;direct;4067127;4068179
alr3362;Chr;direct;4068269;4069027
alr3363;Chr;direct;4069077;4070567
alr3364;Chr;direct;4071005;4072570
alr3365;Chr;direct;4072818;4073816
alr3366;Chr;direct;4073883;4074275
all3367;Chr;comp;4077014;4074663
asr3368;Chr;direct;4077406;4077633
asr3369;Chr;direct;4078644;4078826
alr3370;Chr;direct;4078966;4080255
all3371;Chr;comp;4080974;4080573
alr3372;Chr;direct;4081021;4082145
all3373;Chr;comp;4082707;4082294
all3374;Chr;comp;4083931;4082801
all3375;Chr;comp;4086891;4084018
alr3376;Chr;direct;4087237;4088916
alr3377;Chr;direct;4089082;4089729
all3378;Chr;comp;4090772;4089834
alr3379;Chr;direct;4090779;4091483
alr3380;Chr;direct;4091498;4092511
alr3381;Chr;direct;4092717;4093826
alr3382;Chr;direct;4093990;4094496
asl3383;Chr;comp;4094695;4094498
alr3384;Chr;direct;4095152;4096045
alr3385;Chr;direct;4096227;4097414
alr3386;Chr;direct;4097421;4097804
asr3387;Chr;direct;4098040;4098297
alr3388;Chr;direct;4098417;4098725
asr3389;Chr;direct;4098781;4099008
asr3390;Chr;direct;4099048;4099266
all3391;Chr;comp;4099815;4099345
all3392;Chr;comp;4100932;4099892
alr3393;Chr;direct;4101132;4102076
alr3394;Chr;direct;4102124;4102639
alr3395;Chr;direct;4102742;4104037
all3396;Chr;comp;4104446;4104126
alr3397;Chr;direct;4105145;4107472
all3398;Chr;comp;4108860;4107685
alr3399;Chr;direct;4109113;4109937
alr3400;Chr;direct;4110317;4111486
all3401;Chr;comp;4113591;4111552
alr3402;Chr;direct;4113842;4114195
all3403;Chr;comp;4115011;4114289
all3404;Chr;comp;4115780;4115430
asr3405;Chr;direct;4115971;4116132
alr3406;Chr;direct;4116263;4117654
alr3407;Chr;direct;4117665;4118270
all3408;Chr;comp;4119755;4118352
asl3409;Chr;comp;4120045;4119752
all3410;Chr;comp;4121320;4120085
alr3411;Chr;direct;4121927;4122499
asr3412;Chr;direct;4122646;4122780
alr3413;Chr;direct;4122806;4123228
alr3414;Chr;direct;4123215;4123598
alr3415;Chr;direct;4123813;4124955
alr3416;Chr;direct;4124959;4125477
alr3417;Chr;direct;4125639;4126148
all3418;Chr;comp;4127747;4126272
alr3419;Chr;direct;4128039;4128725
all3420;Chr;comp;4130018;4128765
alr3421;Chr;direct;4130387;4131034
alr3422;Chr;direct;4131205;4131687
alr3423;Chr;direct;4132013;4132456
alr3424;Chr;direct;4132791;4133795
alr3425;Chr;direct;4133859;4135025
alr3426;Chr;direct;4135102;4135473
asr3427;Chr;direct;4135556;4135753
alr3428;Chr;direct;4135780;4136136
alr3429;Chr;direct;4136149;4136964
alr3430;Chr;direct;4137079;4137603
alr3431;Chr;direct;4137723;4139705
all3432;Chr;comp;4140553;4139777
all3433;Chr;comp;4141510;4140578
alr3434;Chr;direct;4141666;4142568
all3435;Chr;comp;4143263;4142583
all3436;Chr;comp;4143706;4143377
alr3437;Chr;direct;4143832;4146207
asl3438;Chr;comp;4146445;4146239
all3439;Chr;comp;4146827;4146450
asl3440;Chr;comp;4147054;4146845
alr3441;Chr;direct;4147164;4148690
alr3442;Chr;direct;4149012;4151609
alr3443;Chr;direct;4151646;4153790
alr3444;Chr;direct;4153860;4154849
alr3445;Chr;direct;4154866;4155423
all3446;Chr;comp;4155948;4155565
all3447;Chr;comp;4156677;4156090
alr3448;Chr;direct;4157106;4158062
alr3449;Chr;direct;4158067;4158534
alr3450;Chr;direct;4158588;4160141
alr3451;Chr;direct;4160341;4162437
alr3452;Chr;direct;4162444;4163691
alr3453;Chr;direct;4163726;4164418
alr3454;Chr;direct;4164528;4165853
alr3455;Chr;direct;4165934;4167034
alr3456;Chr;direct;4167080;4167886
asr3457;Chr;direct;4167919;4168212
all3458;Chr;comp;4168822;4168304
all3459;Chr;comp;4170225;4168951
alr3460;Chr;direct;4171067;4172095
all3461;Chr;comp;4172446;4172078
all3462;Chr;comp;4173573;4172791
asr3463;Chr;direct;4173933;4174178
alr3464;Chr;direct;4174749;4176374
all3465;Chr;comp;4179891;4176532
alr3466;Chr;direct;4180805;4185385
asr3467;Chr;direct;4185693;4185956
asr3468;Chr;direct;4186153;4186404
alr3469;Chr;direct;4186401;4186787
asl3470;Chr;comp;4187041;4186856
alr3471;Chr;direct;4187146;4189311
alr3472;Chr;direct;4189385;4191058
alr3473;Chr;direct;4191316;4193646
alr3474;Chr;direct;4193672;4194664
alr3475;Chr;direct;4194672;4196114
alr3476;Chr;direct;4196104;4196403
alr3477;Chr;direct;4196580;4197731
asr3478;Chr;direct;4197876;4198145
alr3479;Chr;direct;4198145;4198594
asl3480;Chr;comp;4199021;4198806
alr3481;Chr;direct;4199139;4199696
alr3482;Chr;direct;4199693;4200025
asr3483;Chr;direct;4200149;4200343
asr3484;Chr;direct;4200467;4200658
alr3485;Chr;direct;4200811;4201431
alr3486;Chr;direct;4201526;4201909
all3487;Chr;comp;4202767;4202000
all3488;Chr;comp;4204019;4203144
all3489;Chr;comp;4204504;4204205
alr3490;Chr;direct;4204678;4205958
alr3491;Chr;direct;4205955;4206995
alr3492;Chr;direct;4207010;4208254
alr3493;Chr;direct;4208281;4208820
alr3494;Chr;direct;4209069;4209824
alr3495;Chr;direct;4209923;4210762
alr3496;Chr;direct;4210972;4211316
alr3497;Chr;direct;4211334;4212392
asr3498;Chr;direct;4212846;4213049
all3499;Chr;comp;4213886;4213299
all3500;Chr;comp;4217112;4214035
asl3501;Chr;comp;4217707;4217441
all3502;Chr;comp;4218492;4217758
all3503;Chr;comp;4219882;4218695
alr3504;Chr;direct;4220669;4221592
alr3505;Chr;direct;4222175;4226074
alr3506;Chr;direct;4226612;4227592
alr3507;Chr;direct;4227636;4228220
alr3508;Chr;direct;4228299;4228637
all3509;Chr;comp;4229617;4228667
alr3510;Chr;direct;4230076;4231353
alr3511;Chr;direct;4231592;4233451
alr3512;Chr;direct;4233568;4233933
alr3513;Chr;direct;4234048;4234482
alr3514;Chr;direct;4234502;4235404
all3515;Chr;comp;4236538;4235624
all3516;Chr;comp;4239269;4237056
asl3517;Chr;comp;4239776;4239597
asl3518;Chr;comp;4240013;4239858
all3519;Chr;comp;4242020;4240062
all3520;Chr;comp;4242729;4242265
all3521;Chr;comp;4243088;4242750
alr3522;Chr;direct;4243164;4244798
asl3523;Chr;comp;4245089;4244856
alr3524;Chr;direct;4245251;4247365
alr3525;Chr;direct;4247375;4248652
all3526;Chr;comp;4250031;4248850
alr3527;Chr;direct;4250312;4251211
alr3528;Chr;direct;4251208;4251936
alr3529;Chr;direct;4252227;4252802
all3530;Chr;comp;4254141;4252882
all3531;Chr;comp;4255223;4254177
all3532;Chr;comp;4256259;4255207
alr3533;Chr;direct;4256531;4257085
all3534;Chr;comp;4258870;4257149
alr3535;Chr;direct;4259025;4259495
all3536;Chr;comp;4261441;4259678
alr3537;Chr;direct;4261776;4262834
all3538;Chr;comp;4264231;4262942
alr3539;Chr;direct;4264496;4265338
all3540;Chr;comp;4266245;4265400
all3541;Chr;comp;4267889;4266255
all3542;Chr;comp;4268481;4268050
alr3543;Chr;direct;4268608;4270455
asr3544;Chr;direct;4270537;4270770
all3545;Chr;comp;4271146;4270829
alr3546;Chr;direct;4273569;4275908
alr3547;Chr;direct;4276128;4277504
alr3548;Chr;direct;4277589;4278044
all3549;Chr;comp;4278533;4278054
all3550;Chr;comp;4279224;4278598
all3551;Chr;comp;4280533;4279463
all3552;Chr;comp;4282390;4280738
alr3553;Chr;direct;4282783;4283655
alr3554;Chr;direct;4284082;4284684
all3555;Chr;comp;4287068;4285425
all3556;Chr;comp;4288521;4287154
all3557;Chr;comp;4294062;4288648
all3558;Chr;comp;4297001;4294476
all3559;Chr;comp;4298298;4297456
asl3560;Chr;comp;4298531;4298379
alr3561;Chr;direct;4298709;4300631
alr3562;Chr;direct;4300923;4302344
all3563;Chr;comp;4304216;4302339
all3564;Chr;comp;4305720;4304335
alr3565;Chr;direct;4306105;4307160
all3566;Chr;comp;4308383;4307340
all3567;Chr;comp;4310515;4308470
all3568;Chr;comp;4311540;4310641
all3569;Chr;comp;4311935;4311552
all3570;Chr;comp;4312607;4312098
alr3571;Chr;direct;4314100;4315062
all3572;Chr;comp;4316519;4315437
alr3573;Chr;direct;4316746;4317765
all3574;Chr;comp;4318601;4317756
all3575;Chr;comp;4319470;4318673
alr3576;Chr;direct;4319563;4320540
alr3577;Chr;direct;4320900;4321250
all3578;Chr;comp;4324058;4321425
all3579;Chr;comp;4324710;4324243
all3580;Chr;comp;4325945;4324782
all3581;Chr;comp;4327300;4326071
all3582;Chr;comp;4328292;4327699
alr3583;Chr;direct;4328478;4329119
alr3584;Chr;direct;4329217;4330290
all3585;Chr;comp;4331148;4330312
all3586;Chr;comp;4331945;4331466
all3587;Chr;comp;4333564;4332137
alr3588;Chr;direct;4334541;4337267
alr3589;Chr;direct;4337442;4338047
alr3590;Chr;direct;4338377;4338940
alr3591;Chr;direct;4338991;4339950
alr3592;Chr;direct;4340050;4343151
alr3593;Chr;direct;4343264;4345474
alr3594;Chr;direct;4345627;4346043
asl3595;Chr;comp;4346346;4346164
alr3596;Chr;direct;4346515;4347093
asl3597;Chr;comp;4347366;4347106
asr3598;Chr;direct;4347990;4348145
alr3599;Chr;direct;4348228;4349262
all3600;Chr;comp;4350519;4349314
alr3601;Chr;direct;4350644;4352140
alr3602;Chr;direct;4352736;4354787
alr3603;Chr;direct;4354830;4355282
all3604;Chr;comp;4355890;4355339
asr3605;Chr;direct;4356055;4356213
alr3606;Chr;direct;4356210;4357502
alr3607;Chr;direct;4357616;4358314
alr3608;Chr;direct;4358563;4360221
asl3609;Chr;comp;4360868;4360602
alr3610;Chr;direct;4361124;4361507
alr3611;Chr;direct;4361477;4361917
asr3612;Chr;direct;4362509;4362694
all3613;Chr;comp;4364971;4363025
alr3614;Chr;direct;4364973;4365479
all3615;Chr;comp;4367399;4365534
all3616;Chr;comp;4367841;4367527
all3617;Chr;comp;4368318;4368001
alr3618;Chr;direct;4368583;4370913
alr3619;Chr;direct;4370939;4371931
alr3620;Chr;direct;4371939;4373393
asr3621;Chr;direct;4373436;4373660
alr3622;Chr;direct;4373644;4374066
alr3623;Chr;direct;4374063;4374503
all3624;Chr;comp;4375383;4374490
alr3625;Chr;direct;4375688;4376749
all3626;Chr;comp;4377161;4376790
alr3627;Chr;direct;4377421;4378410
all3628;Chr;comp;4378920;4378414
all3629;Chr;comp;4379747;4378917
all3630;Chr;comp;4381364;4379751
all3631;Chr;comp;4382796;4381849
all3632;Chr;comp;4384244;4382796
all3633;Chr;comp;4385494;4384454
all3634;Chr;comp;4386722;4385664
all3635;Chr;comp;4388291;4387089
alr3636;Chr;direct;4388850;4389812
asl3637;Chr;comp;4390105;4389902
alr3638;Chr;direct;4390136;4391305
alr3639;Chr;direct;4391426;4392199
alr3640;Chr;direct;4392196;4392735
alr3641;Chr;direct;4392739;4393260
all3642;Chr;comp;4395350;4393464
all3643;Chr;comp;4396188;4395685
alr3644;Chr;direct;4396589;4398409
alr3645;Chr;direct;4398743;4399087
alr3646;Chr;direct;4399520;4400122
alr3647;Chr;direct;4400164;4401468
alr3648;Chr;direct;4401511;4402677
alr3649;Chr;direct;4402761;4403510
all3650;Chr;comp;4404183;4403617
all3651;Chr;comp;4405782;4404283
all3652;Chr;comp;4408370;4406022
all3653;Chr;comp;4409533;4409048
alr3654;Chr;direct;4409748;4411130
alr3655;Chr;direct;4411538;4411987
asl3656;Chr;comp;4412334;4412038
asr3657;Chr;direct;4412665;4412793
alr3658;Chr;direct;4412796;4414187
alr3659;Chr;direct;4415145;4416914
all3660;Chr;comp;4417822;4417145
alr3661;Chr;direct;4418762;4419073
alr3662;Chr;direct;4419169;4420803
alr3663;Chr;direct;4420908;4421957
asl3664;Chr;comp;4422436;4422209
asl3665;Chr;comp;4422736;4422494
alr3666;Chr;direct;4422800;4423639
alr3667;Chr;direct;4423667;4423969
alr3668;Chr;direct;4423990;4424316
all3669;Chr;comp;4424726;4424334
alr3670;Chr;direct;4424795;4426501
alr3671;Chr;direct;4426595;4427818
alr3672;Chr;direct;4427870;4429252
all3673;Chr;comp;4430001;4429411
asl3674;Chr;comp;4430632;4430459
all3675;Chr;comp;4431404;4430832
alr3676;Chr;direct;4431602;4433551
all3677;Chr;comp;4433964;4433587
all3678;Chr;comp;4436355;4434586
all3679;Chr;comp;4437555;4436671
all3680;Chr;comp;4438926;4437973
alr3681;Chr;direct;4440005;4441420
all3682;Chr;comp;4442685;4441723
alr3683;Chr;direct;4443275;4443973
alr3684;Chr;direct;4443983;4445320
alr3685;Chr;direct;4445419;4446339
asr3686;Chr;direct;4446444;4446677
all3687;Chr;comp;4447483;4447103
all3688;Chr;comp;4449111;4448071
alr3689;Chr;direct;4449527;4450174
alr3690;Chr;direct;4450405;4451625
all3691;Chr;comp;4458053;4451988
alr3692;Chr;direct;4458604;4459458
alr3693;Chr;direct;4459879;4460739
asr3694;Chr;direct;4461464;4461631
all3695;Chr;comp;4462807;4461641
all3696;Chr;comp;4464073;4462934
all3697;Chr;comp;4464914;4464078
alr3698;Chr;direct;4465828;4466997
alr3699;Chr;direct;4467059;4468207
alr3700;Chr;direct;4468308;4469018
alr3701;Chr;direct;4469152;4470792
all3702;Chr;comp;4471656;4470847
alr3703;Chr;direct;4471875;4472684
all3704;Chr;comp;4473279;4472761
alr3705;Chr;direct;4473345;4474808
alr3706;Chr;direct;4475153;4476793
alr3707;Chr;direct;4477202;4477939
asr3708;Chr;direct;4478014;4478202
asl3709;Chr;comp;4478838;4478641
alr3710;Chr;direct;4478870;4480294
alr3711;Chr;direct;4480335;4481492
alr3712;Chr;direct;4481676;4482410
all3713;Chr;comp;4483325;4482525
alr3714;Chr;direct;4483431;4484243
alr3715;Chr;direct;4484381;4484680
alr3716;Chr;direct;4484913;4487798
all3717;Chr;comp;4489819;4488053
alr3718;Chr;direct;4489860;4490618
all3719;Chr;comp;4491321;4490659
alr3720;Chr;direct;4491606;4491995
asl3721;Chr;comp;4492296;4492102
all3722;Chr;comp;4493748;4492537
alr3723;Chr;direct;4493940;4496675
alr3724;Chr;direct;4496747;4498162
alr3725;Chr;direct;4498303;4499274
asl3726;Chr;comp;4499702;4499523
alr3727;Chr;direct;4499998;4501080
all3728;Chr;comp;4501823;4501245
alr3729;Chr;direct;4501881;4502297
alr3730;Chr;direct;4502411;4503793
alr3731;Chr;direct;4503856;4506432
alr3732;Chr;direct;4506734;4508437
all3733;Chr;comp;4508842;4508525
all3734;Chr;comp;4510436;4509474
all3735;Chr;comp;4511835;4510753
all3736;Chr;comp;4513216;4511888
alr3737;Chr;direct;4513433;4514017
alr3738;Chr;direct;4514118;4514792
alr3739;Chr;direct;4515106;4516134
all3740;Chr;comp;4516981;4516268
all3741;Chr;comp;4518231;4517098
alr3742;Chr;direct;4518429;4519511
all3743;Chr;comp;4519949;4519587
all3744;Chr;comp;4521770;4520073
all3745;Chr;comp;4522637;4521879
all3746;Chr;comp;4524546;4523158
all3747;Chr;comp;4525190;4524735
all3748;Chr;comp;4525985;4525191
alr3749;Chr;direct;4526069;4527469
all3750;Chr;comp;4528270;4527647
alr3751;Chr;direct;4528364;4529530
alr3752;Chr;direct;4529803;4530354
all3753;Chr;comp;4531253;4530462
alr3754;Chr;direct;4531940;4533241
alr3755;Chr;direct;4533321;4534808
alr3756;Chr;direct;4535050;4537869
alr3757;Chr;direct;4537835;4539916
alr3758;Chr;direct;4540251;4540589
all3759;Chr;comp;4541804;4540614
alr3760;Chr;direct;4541954;4542370
alr3761;Chr;direct;4542408;4547060
alr3762;Chr;direct;4547801;4549567
asr3763;Chr;direct;4549704;4549895
all3764;Chr;comp;4551243;4550134
all3765;Chr;comp;4552604;4551273
all3766;Chr;comp;4553286;4552855
all3767;Chr;comp;4554915;4553524
alr3768;Chr;direct;4555491;4556213
alr3769;Chr;direct;4556463;4557185
asr3770;Chr;direct;4557191;4557385
alr3771;Chr;direct;4557597;4559093
all3772;Chr;comp;4560050;4559115
all3773;Chr;comp;4562635;4560512
alr3774;Chr;direct;4562760;4563455
alr3775;Chr;direct;4563740;4564087
all3776;Chr;comp;4564839;4564375
asl3777;Chr;comp;4565377;4565135
asl3778;Chr;comp;4565689;4565498
all3779;Chr;comp;4566032;4565715
all3780;Chr;comp;4567892;4566393
all3781;Chr;comp;4569107;4568649
all3782;Chr;comp;4571748;4569301
asr3783;Chr;direct;4571866;4572045
asl3784;Chr;comp;4572506;4572231
all3785;Chr;comp;4575145;4573559
all3786;Chr;comp;4576328;4575282
all3787;Chr;comp;4577993;4576443
all3788;Chr;comp;4579122;4578406
alr3789;Chr;direct;4579676;4581976
alr3790;Chr;direct;4582067;4582522
all3791;Chr;comp;4583236;4582607
all3792;Chr;comp;4583870;4583319
all3793;Chr;comp;4584981;4584277
all3794;Chr;comp;4586510;4585269
alr3795;Chr;direct;4586706;4587053
asr3796;Chr;direct;4587211;4587369
all3797;Chr;comp;4588311;4587526
alr3798;Chr;direct;4588928;4589719
alr3799;Chr;direct;4589809;4591548
alr3800;Chr;direct;4592103;4593086
alr3801;Chr;direct;4593741;4594382
all3802;Chr;comp;4595090;4594398
alr3803;Chr;direct;4595360;4595755
alr3804;Chr;direct;4595965;4597116
all3805;Chr;comp;4598104;4597349
alr3806;Chr;direct;4598241;4599593
alr3807;Chr;direct;4599544;4601358
alr3808;Chr;direct;4602026;4602580
alr3809;Chr;direct;4603257;4606571
alr3810;Chr;direct;4607438;4608436
alr3811;Chr;direct;4608580;4609053
alr3812;Chr;direct;4609557;4609889
alr3813;Chr;direct;4610037;4610495
alr3814;Chr;direct;4610580;4611242
alr3815;Chr;direct;4612163;4614652
alr3816;Chr;direct;4615483;4616214
alr3817;Chr;direct;4616276;4617124
alr3818;Chr;direct;4617595;4618365
all3819;Chr;comp;4619395;4618550
all3820;Chr;comp;4619925;4619407
all3821;Chr;comp;4620588;4619947
all3822;Chr;comp;4621377;4620649
alr3823;Chr;direct;4621554;4623077
alr3824;Chr;direct;4623178;4623978
alr3825;Chr;direct;4624072;4624965
all3826;Chr;comp;4625721;4624996
alr3827;Chr;direct;4625975;4627393
alr3828;Chr;direct;4627557;4628018
alr3829;Chr;direct;4628177;4629454
asr3830;Chr;direct;4629603;4629872
asr3831;Chr;direct;4630065;4630223
alr3832;Chr;direct;4630362;4633481
alr3833;Chr;direct;4633673;4634284
asr3834;Chr;direct;4634291;4634488
all3835;Chr;comp;4635015;4634485
all3836;Chr;comp;4635851;4635042
all3837;Chr;comp;4636774;4635944
all3838;Chr;comp;4639113;4636981
all3839;Chr;comp;4640419;4639103
all3840;Chr;comp;4641123;4640596
all3841;Chr;comp;4641853;4641116
all3842;Chr;comp;4642206;4641844
alr3843;Chr;direct;4642402;4642737
alr3844;Chr;direct;4642891;4643910
asr3845;Chr;direct;4644016;4644264
asr3846;Chr;direct;4644274;4644411
asr3847;Chr;direct;4644432;4644551
asr3848;Chr;direct;4644621;4644743
asl3849;Chr;comp;4645137;4644997
all3850;Chr;comp;4647871;4645247
asl3851;Chr;comp;4648603;4648355
all3852;Chr;comp;4649451;4648606
all3853;Chr;comp;4650394;4649618
all3854;Chr;comp;4652136;4651315
alr3855;Chr;direct;4652548;4652991
asl3856;Chr;comp;4653426;4653157
alr3857;Chr;direct;4653866;4654711
alr3858;Chr;direct;4655902;4657188
all3859;Chr;comp;4658439;4657465
asl3860;Chr;comp;4658819;4658547
all3861;Chr;comp;4659859;4659149
all3862;Chr;comp;4662278;4660692
alr3863;Chr;direct;4662782;4663567
alr3864;Chr;direct;4663687;4664877
all3865;Chr;comp;4665901;4664915
all3866;Chr;comp;4667009;4665954
alr3867;Chr;direct;4667104;4668498
asl3868;Chr;comp;4668784;4668548
all3869;Chr;comp;4670158;4669028
all3870;Chr;comp;4670689;4670258
alr3871;Chr;direct;4670926;4672434
all3872;Chr;comp;4673322;4672522
all3873;Chr;comp;4674196;4673408
alr3874;Chr;direct;4674472;4675185
all3875;Chr;comp;4676152;4675268
all3876;Chr;comp;4676994;4676299
alr3877;Chr;direct;4676996;4678387
asr3878;Chr;direct;4678598;4678879
all3879;Chr;comp;4681655;4678950
all3880;Chr;comp;4682724;4681828
asr3881;Chr;direct;4682898;4683062
alr3882;Chr;direct;4683304;4684062
alr3883;Chr;direct;4684073;4684570
alr3884;Chr;direct;4684652;4686439
alr3885;Chr;direct;4686521;4687309
asr3886;Chr;direct;4687483;4687689
alr3887;Chr;direct;4687822;4689207
asl3888;Chr;comp;4689513;4689349
asl3889;Chr;comp;4689817;4689569
alr3890;Chr;direct;4690045;4690785
all3891;Chr;comp;4692637;4690925
all3892;Chr;comp;4695940;4693316
all3893;Chr;comp;4696864;4696430
all3894;Chr;comp;4697531;4697028
all3895;Chr;comp;4699507;4697783
alr3896;Chr;direct;4699617;4700447
alr3897;Chr;direct;4700541;4701365
all3898;Chr;comp;4702180;4701353
all3899;Chr;comp;4702730;4702284
alr3900;Chr;direct;4703282;4704481
alr3901;Chr;direct;4704938;4705432
all3902;Chr;comp;4707137;4705536
all3903;Chr;comp;4707738;4707361
alr3904;Chr;direct;4707858;4708559
alr3905;Chr;direct;4708605;4709138
alr3906;Chr;direct;4709141;4709989
alr3907;Chr;direct;4710072;4710650
all3908;Chr;comp;4711618;4710659
all3909;Chr;comp;4712913;4711861
alr3910;Chr;direct;4713185;4713943
alr3911;Chr;direct;4713981;4716047
alr3912;Chr;direct;4716186;4717070
all3913;Chr;comp;4717957;4717076
all3914;Chr;comp;4719314;4718088
alr3915;Chr;direct;4720025;4721896
all3916;Chr;comp;4723121;4721970
alr3917;Chr;direct;4723316;4724659
all3918;Chr;comp;4725532;4724699
alr3919;Chr;direct;4725616;4726527
alr3920;Chr;direct;4727147;4728391
alr3921;Chr;direct;4728513;4729868
all3922;Chr;comp;4730942;4729986
asl3923;Chr;comp;4731168;4731007
all3924;Chr;comp;4733973;4731430
alr3925;Chr;direct;4734617;4737580
alr3926;Chr;direct;4738226;4739554
all3927;Chr;comp;4742331;4739740
asl3928;Chr;comp;4743671;4743441
asl3929;Chr;comp;4744840;4744637
alr3930;Chr;direct;4745625;4746311
alr3931;Chr;direct;4746460;4747131
alr3932;Chr;direct;4747366;4748061
all3933;Chr;comp;4750378;4748153
alr3934;Chr;direct;4750862;4752406
asr3935;Chr;direct;4752954;4753238
alr3936;Chr;direct;4753310;4754368
alr3937;Chr;direct;4754386;4755855
alr3938;Chr;direct;4756241;4757164
all3939;Chr;comp;4758490;4757543
all3940;Chr;comp;4759024;4758590
all3941;Chr;comp;4760214;4759201
all3942;Chr;comp;4761426;4760410
alr3943;Chr;direct;4761770;4762555
alr3944;Chr;direct;4762542;4762844
alr3945;Chr;direct;4762841;4763641
alr3946;Chr;direct;4763762;4764586
alr3947;Chr;direct;4764864;4765784
alr3948;Chr;direct;4765777;4766439
alr3949;Chr;direct;4766822;4767442
alr3950;Chr;direct;4767515;4768330
all3951;Chr;comp;4769321;4768659
alr3952;Chr;direct;4769845;4770564
all3953;Chr;comp;4772284;4771271
alr3954;Chr;direct;4772657;4773373
alr3955;Chr;direct;4773752;4774138
alr3956;Chr;direct;4774335;4776425
alr3957;Chr;direct;4776833;4778410
alr3958;Chr;direct;4778642;4779379
alr3959;Chr;direct;4779673;4780353
asr3960;Chr;direct;4780493;4780726
asr3961;Chr;direct;4780723;4780977
all3962;Chr;comp;4781827;4781207
all3963;Chr;comp;4782274;4781957
all3964;Chr;comp;4783717;4782290
alr3965;Chr;direct;4783823;4784680
asl3966;Chr;comp;4785078;4784824
all3967;Chr;comp;4785802;4785227
alr3968;Chr;direct;4785910;4786239
all3969;Chr;comp;4786668;4786366
all3970;Chr;comp;4787417;4786746
all3971;Chr;comp;4788508;4787414
all3972;Chr;comp;4789030;4788629
asl3973;Chr;comp;4789239;4789018
asl3974;Chr;comp;4789451;4789278
all3975;Chr;comp;4790835;4789624
all3976;Chr;comp;4792260;4790980
all3977;Chr;comp;4792873;4792361
asl3978;Chr;comp;4793069;4792902
alr3979;Chr;direct;4793740;4794087
alr3980;Chr;direct;4794140;4794670
asl3981;Chr;comp;4795388;4795173
alr3982;Chr;direct;4795771;4797135
all3983;Chr;comp;4798386;4797184
all3984;Chr;comp;4799459;4798764
all3985;Chr;comp;4801462;4799618
all3986;Chr;comp;4802645;4801437
all3987;Chr;comp;4803271;4802681
alr3988;Chr;direct;4803909;4806935
all3989;Chr;comp;4809653;4806939
alr3990;Chr;direct;4810007;4810378
all3991;Chr;comp;4811140;4810745
asr3992;Chr;direct;4811378;4811566
alr3993;Chr;direct;4811761;4812333
alr3994;Chr;direct;4813016;4813423
alr3995;Chr;direct;4813428;4814693
alr3996;Chr;direct;4814841;4815386
alr3997;Chr;direct;4815490;4816980
asl3998;Chr;comp;4817229;4816981
all3999;Chr;comp;4817606;4817307
all4000;Chr;comp;4818661;4817699
all4001;Chr;comp;4820118;4819084
all4002;Chr;comp;4822119;4820689
all4003;Chr;comp;4823150;4822122
asr4004;Chr;direct;4823270;4823518
alr4005;Chr;direct;4823654;4824910
all4006;Chr;comp;4825318;4824935
alr4007;Chr;direct;4825975;4826571
all4008;Chr;comp;4828913;4827144
alr4009;Chr;direct;4829483;4830322
alr4010;Chr;direct;4830340;4830930
alr4011;Chr;direct;4831007;4831777
all4012;Chr;comp;4832229;4831816
all4013;Chr;comp;4833169;4832348
asl4014;Chr;comp;4834156;4833860
alr4015;Chr;direct;4834564;4835355
alr4016;Chr;direct;4835491;4835877
alr4017;Chr;direct;4836030;4837286
all4018;Chr;comp;4838908;4837529
all4019;Chr;comp;4840575;4839046
all4020;Chr;comp;4841863;4840718
all4021;Chr;comp;4843132;4842083
asl4022;Chr;comp;4844062;4843778
all4023;Chr;comp;4845495;4844455
all4024;Chr;comp;4846998;4845556
all4025;Chr;comp;4848368;4847178
all4026;Chr;comp;4850999;4848435
alr4027;Chr;direct;4852466;4852876
alr4028;Chr;direct;4853111;4853974
alr4029;Chr;direct;4854464;4855240
alr4030;Chr;direct;4855283;4856155
alr4031;Chr;direct;4856203;4857483
alr4032;Chr;direct;4857483;4858571
alr4033;Chr;direct;4858580;4859581
asl4034;Chr;comp;4859936;4859718
all4035;Chr;comp;4863714;4860196
alr4036;Chr;direct;4864109;4864693
all4037;Chr;comp;4865570;4864809
all4038;Chr;comp;4866196;4865708
asl4039;Chr;comp;4866423;4866193
all4040;Chr;comp;4867515;4866472
all4041;Chr;comp;4868143;4867550
all4042;Chr;comp;4870231;4868576
alr4043;Chr;direct;4870392;4870751
alr4044;Chr;direct;4871168;4872265
alr4045;Chr;direct;4872279;4872959
alr4046;Chr;direct;4872971;4873978
asl4047;Chr;comp;4874281;4874051
asr4048;Chr;direct;4874555;4874758
all4049;Chr;comp;4875391;4874846
all4050;Chr;comp;4876504;4875530
all4051;Chr;comp;4877661;4876816
all4052;Chr;comp;4879667;4877766
asl4053;Chr;comp;4880472;4880260
alr4054;Chr;direct;4880695;4881519
all4055;Chr;comp;4882635;4881652
alr4056;Chr;direct;4882768;4883103
alr4057;Chr;direct;4883744;4885552
alr4058;Chr;direct;4885563;4887371
alr4059;Chr;direct;4887340;4887720
alr4060;Chr;direct;4887881;4889314
alr4061;Chr;direct;4889323;4890264
alr4062;Chr;direct;4890534;4892168
all4063;Chr;comp;4892873;4892355
alr4064;Chr;direct;4893009;4894172
alr4065;Chr;direct;4894391;4894756
alr4066;Chr;direct;4894753;4895145
alr4067;Chr;direct;4895449;4895946
alr4068;Chr;direct;4895975;4896703
alr4069;Chr;direct;4896809;4897924
all4070;Chr;comp;4898931;4898221
all4071;Chr;comp;4900952;4899267
alr4072;Chr;direct;4901476;4902957
all4073;Chr;comp;4903644;4903279
all4074;Chr;comp;4904904;4903942
alr4075;Chr;direct;4905053;4906609
asr4076;Chr;direct;4906726;4906941
alr4077;Chr;direct;4907883;4908227
all4078;Chr;comp;4910614;4908488
alr4079;Chr;direct;4910728;4911228
all4080;Chr;comp;4912981;4911332
all4081;Chr;comp;4914427;4913135
alr4082;Chr;direct;4920599;4921231
all4083;Chr;comp;4923271;4921313
all4084;Chr;comp;4923905;4923324
all4085;Chr;comp;4924699;4924034
alr4086;Chr;direct;4924859;4925350
all4087;Chr;comp;4925833;4925465
alr4088;Chr;direct;4925883;4927412
all4089;Chr;comp;4928220;4927444
all4090;Chr;comp;4929486;4928362
asl4091;Chr;comp;4929727;4929551
all4092;Chr;comp;4930982;4929939
asr4093;Chr;direct;4931477;4931722
alr4094;Chr;direct;4932447;4933676
alr4095;Chr;direct;4933759;4934409
all4096;Chr;comp;4935492;4934422
all4097;Chr;comp;4938443;4935546
asl4098;Chr;comp;4939109;4938915
alr4099;Chr;direct;4939577;4940470
alr4100;Chr;direct;4940632;4941369
all4101;Chr;comp;4941854;4941471
all4102;Chr;comp;4943210;4942035
all4103;Chr;comp;4944023;4943340
alr4104;Chr;direct;4944752;4945960
alr4105;Chr;direct;4946264;4947916
all4106;Chr;comp;4949046;4947976
all4107;Chr;comp;4950076;4949468
asr4108;Chr;direct;4950121;4950300
all4109;Chr;comp;4951563;4950856
all4110;Chr;comp;4952768;4951626
alr4111;Chr;direct;4952980;4955130
alr4112;Chr;direct;4955215;4956603
all4113;Chr;comp;4957184;4956600
alr4114;Chr;direct;4957398;4957871
alr4115;Chr;direct;4958087;4958560
all4116;Chr;comp;4959273;4958569
all4117;Chr;comp;4960682;4959447
all4118;Chr;comp;4961437;4960898
alr4119;Chr;direct;4962145;4962582
all4120;Chr;comp;4964004;4962715
all4121;Chr;comp;4965550;4964228
asl4122;Chr;comp;4966699;4966538
alr4123;Chr;direct;4966719;4967723
alr4124;Chr;direct;4968108;4969250
all4125;Chr;comp;4970849;4969302
all4126;Chr;comp;4972318;4971074
all4127;Chr;comp;4974561;4972867
all4128;Chr;comp;4976673;4975087
alr4129;Chr;direct;4976929;4978104
all4130;Chr;comp;4979066;4978161
all4131;Chr;comp;4980457;4979255
alr4132;Chr;direct;4980547;4980954
asr4133;Chr;direct;4981058;4981351
alr4134;Chr;direct;4981348;4981719
all4135;Chr;comp;4982275;4981889
asl4136;Chr;comp;4982499;4982272
asl4137;Chr;comp;4983070;4982831
asl4138;Chr;comp;4983401;4983105
all4139;Chr;comp;4984269;4983553
all4140;Chr;comp;4986271;4984481
alr4141;Chr;direct;4986552;4987664
all4142;Chr;comp;4988382;4987813
all4143;Chr;comp;4988972;4988397
all4144;Chr;comp;4989668;4989024
all4145;Chr;comp;4990251;4989760
asl4146;Chr;comp;4990628;4990365
alr4147;Chr;direct;4990744;4992411
all4148;Chr;comp;4992804;4992505
alr4149;Chr;direct;4993218;4994186
alr4150;Chr;direct;4994192;4994962
alr4151;Chr;direct;4994979;4995641
all4152;Chr;comp;4996990;4995638
alr4153;Chr;direct;4997078;4997902
asr4154;Chr;direct;4997970;4998155
all4155;Chr;comp;4999195;4998359
alr4156;Chr;direct;4999616;5001478
alr4157;Chr;direct;5001570;5003072
alr4158;Chr;direct;5003292;5004620
all4159;Chr;comp;5005710;5004817
all4160;Chr;comp;5007439;5006384
alr4161;Chr;direct;5007627;5008421
all4162;Chr;comp;5009295;5008657
all4163;Chr;comp;5010081;5009482
alr4164;Chr;direct;5010491;5011600
alr4165;Chr;direct;5011668;5012594
alr4166;Chr;direct;5012632;5013777
alr4167;Chr;direct;5013793;5014539
alr4168;Chr;direct;5015231;5016502
alr4169;Chr;direct;5017060;5017518
alr4170;Chr;direct;5017515;5018015
alr4171;Chr;direct;5018096;5019049
alr4172;Chr;direct;5019276;5020721
alr4173;Chr;direct;5020877;5022034
alr4174;Chr;direct;5022225;5022905
alr4175;Chr;direct;5023005;5023895
alr4176;Chr;direct;5023879;5025516
asl4177;Chr;comp;5025978;5025817
alr4178;Chr;direct;5025948;5027096
all4179;Chr;comp;5029003;5027222
all4180;Chr;comp;5029904;5029155
asl4181;Chr;comp;5030158;5029925
all4182;Chr;comp;5031859;5030258
all4183;Chr;comp;5033792;5032098
all4184;Chr;comp;5034529;5033924
all4185;Chr;comp;5035648;5034548
asl4186;Chr;comp;5035990;5035751
all4187;Chr;comp;5036514;5036098
all4188;Chr;comp;5036969;5036514
all4189;Chr;comp;5037891;5037043
all4190;Chr;comp;5038326;5037976
all4191;Chr;comp;5039309;5038362
all4192;Chr;comp;5039995;5039600
all4193;Chr;comp;5040430;5040050
asl4194;Chr;comp;5040658;5040545
asl4195;Chr;comp;5040999;5040775
all4196;Chr;comp;5041753;5041199
all4197;Chr;comp;5043066;5041753
all4198;Chr;comp;5043583;5043137
all4199;Chr;comp;5044176;5043652
all4200;Chr;comp;5044631;5044269
all4201;Chr;comp;5045182;5044634
all4202;Chr;comp;5045680;5045279
all4203;Chr;comp;5046249;5045701
asl4204;Chr;comp;5046645;5046355
all4205;Chr;comp;5047076;5046708
asl4206;Chr;comp;5047360;5047115
asl4207;Chr;comp;5047597;5047373
all4208;Chr;comp;5048029;5047601
all4209;Chr;comp;5048959;5048177
all4210;Chr;comp;5049371;5049012
asl4211;Chr;comp;5049734;5049456
all4212;Chr;comp;5050720;5049857
all4213;Chr;comp;5051041;5050727
all4214;Chr;comp;5051666;5051034
all4215;Chr;comp;5052366;5051731
alr4216;Chr;direct;5053254;5053742
all4217;Chr;comp;5054407;5053940
all4218;Chr;comp;5055025;5054567
all4219;Chr;comp;5056097;5055270
all4220;Chr;comp;5056862;5056404
all4221;Chr;comp;5058037;5057174
alr4222;Chr;direct;5058477;5059322
alr4223;Chr;direct;5059332;5060774
alr4224;Chr;direct;5060992;5061318
all4225;Chr;comp;5063012;5061315
alr4226;Chr;direct;5063497;5063976
asr4227;Chr;direct;5064031;5064318
asr4228;Chr;direct;5064391;5064588
alr4229;Chr;direct;5064843;5066024
alr4230;Chr;direct;5066036;5066566
all4231;Chr;comp;5067571;5066753
alr4232;Chr;direct;5067906;5069417
all4233;Chr;comp;5070903;5069431
asl4234;Chr;comp;5071185;5070967
alr4235;Chr;direct;5071283;5072446
all4236;Chr;comp;5073052;5072711
all4237;Chr;comp;5073816;5073514
alr4238;Chr;direct;5074582;5080047
alr4239;Chr;direct;5080799;5083810
alr4240;Chr;direct;5083872;5085443
alr4241;Chr;direct;5085563;5086057
all4242;Chr;comp;5087199;5086066
all4243;Chr;comp;5088016;5087417
asl4244;Chr;comp;5088630;5088334
all4245;Chr;comp;5090841;5088736
all4246;Chr;comp;5092607;5090922
alr4247;Chr;direct;5093081;5094637
all4248;Chr;comp;5097163;5094623
alr4249;Chr;direct;5097964;5099136
alr4250;Chr;direct;5099531;5100025
alr4251;Chr;direct;5100219;5100554
all4252;Chr;comp;5101775;5100651
asl4253;Chr;comp;5102368;5102093
all4254;Chr;comp;5103769;5102573
alr4255;Chr;direct;5104415;5105728
all4256;Chr;comp;5106361;5105963
all4257;Chr;comp;5107935;5106361
alr4258;Chr;direct;5108797;5109246
alr4259;Chr;direct;5109318;5109770
all4260;Chr;comp;5110221;5109784
all4261;Chr;comp;5113535;5110425
asl4262;Chr;comp;5113916;5113755
asl4263;Chr;comp;5114013;5113924
alr4264;Chr;direct;5114132;5114611
all4265;Chr;comp;5115283;5114612
asl4266;Chr;comp;5115709;5115473
alr4267;Chr;direct;5115723;5118257
alr4268;Chr;direct;5118257;5119240
alr4269;Chr;direct;5119328;5120344
alr4270;Chr;direct;5120700;5121074
alr4271;Chr;direct;5121200;5121946
all4272;Chr;comp;5123309;5122179
alr4273;Chr;direct;5123399;5126320
all4274;Chr;comp;5127851;5126592
alr4275;Chr;direct;5128117;5128479
all4276;Chr;comp;5129302;5128544
alr4277;Chr;direct;5129384;5130769
alr4278;Chr;direct;5130873;5131772
all4279;Chr;comp;5132751;5131864
alr4280;Chr;direct;5132937;5134247
alr4281;Chr;direct;5134281;5135468
alr4282;Chr;direct;5135581;5136411
all4283;Chr;comp;5137164;5136415
all4284;Chr;comp;5138682;5137189
all4285;Chr;comp;5140238;5138817
all4286;Chr;comp;5141543;5140377
all4287;Chr;comp;5142048;5141635
alr4288;Chr;direct;5142137;5142463
all4289;Chr;comp;5143247;5142651
alr4290;Chr;direct;5143731;5144786
alr4291;Chr;direct;5144770;5146149
all4292;Chr;comp;5146929;5146426
alr4293;Chr;direct;5147140;5147631
all4294;Chr;comp;5149320;5147794
all4295;Chr;comp;5150417;5149935
all4296;Chr;comp;5152059;5150548
all4297;Chr;comp;5152876;5152220
all4298;Chr;comp;5154786;5153317
all4299;Chr;comp;5156701;5154797
all4300;Chr;comp;5157406;5156723
asr4301;Chr;direct;5157549;5157731
asr4302;Chr;direct;5157757;5157990
all4303;Chr;comp;5158681;5158040
all4304;Chr;comp;5160072;5158678
alr4305;Chr;direct;5160313;5161476
all4306;Chr;comp;5161962;5161561
all4307;Chr;comp;5163923;5162355
alr4308;Chr;direct;5164440;5164838
alr4309;Chr;direct;5164989;5165450
alr4310;Chr;direct;5165532;5166086
alr4311;Chr;direct;5166172;5166927
all4312;Chr;comp;5167767;5166997
asr4313;Chr;direct;5168305;5168547
asr4314;Chr;direct;5168618;5168812
all4315;Chr;comp;5169375;5168938
all4316;Chr;comp;5170889;5169780
asl4317;Chr;comp;5171204;5170968
alr4318;Chr;direct;5171448;5172032
asr4319;Chr;direct;5172342;5172554
alr4320;Chr;direct;5172791;5173642
asr4321;Chr;direct;5173773;5173985
alr4322;Chr;direct;5174385;5175239
alr4323;Chr;direct;5175462;5176358
all4324;Chr;comp;5177223;5176372
asl4325;Chr;comp;5177643;5177362
alr4326;Chr;direct;5177904;5178272
all4327;Chr;comp;5179461;5178289
asl4328;Chr;comp;5179883;5179677
alr4329;Chr;direct;5180357;5180695
alr4330;Chr;direct;5180846;5183485
alr4331;Chr;direct;5184041;5186104
alr4332;Chr;direct;5186375;5187052
all4333;Chr;comp;5187719;5187132
alr4334;Chr;direct;5188157;5189029
all4335;Chr;comp;5189720;5189070
all4336;Chr;comp;5190239;5189922
all4337;Chr;comp;5191670;5190441
all4338;Chr;comp;5193771;5191693
all4339;Chr;comp;5194382;5193912
all4340;Chr;comp;5195266;5194883
all4341;Chr;comp;5195701;5195363
all4342;Chr;comp;5196354;5195932
all4343;Chr;comp;5198726;5196744
alr4344;Chr;direct;5199607;5204286
all4345;Chr;comp;5205289;5204372
alr4346;Chr;direct;5206503;5208941
alr4347;Chr;direct;5208964;5210511
all4348;Chr;comp;5211723;5210536
all4349;Chr;comp;5213093;5211894
all4350;Chr;comp;5214524;5213220
alr4351;Chr;direct;5214905;5216104
asr4352;Chr;direct;5216552;5216749
asl4353;Chr;comp;5217057;5216797
alr4354;Chr;direct;5217238;5218569
all4355;Chr;comp;5219238;5218615
asl4356;Chr;comp;5219508;5219317
all4357;Chr;comp;5220104;5219511
all4358;Chr;comp;5220846;5220184
alr4359;Chr;direct;5221097;5222353
alr4360;Chr;direct;5222350;5223633
asl4361;Chr;comp;5224205;5223993
asl4362;Chr;comp;5224455;5224207
alr4363;Chr;direct;5224912;5225271
all4364;Chr;comp;5225910;5225287
all4365;Chr;comp;5229903;5225917
alr4366;Chr;direct;5230474;5232168
all4367;Chr;comp;5232876;5232310
alr4368;Chr;direct;5233497;5235290
asl4369;Chr;comp;5235625;5235341
alr4370;Chr;direct;5235845;5236600
all4371;Chr;comp;5237610;5236720
asl4372;Chr;comp;5237910;5237674
alr4373;Chr;direct;5237939;5238394
all4374;Chr;comp;5240355;5238616
all4375;Chr;comp;5241325;5240522
all4376;Chr;comp;5242849;5241581
all4377;Chr;comp;5244979;5244479
all4378;Chr;comp;5247775;5245592
all4379;Chr;comp;5249690;5248068
alr4380;Chr;direct;5250505;5251485
all4381;Chr;comp;5252087;5251533
all4382;Chr;comp;5253087;5252152
alr4383;Chr;direct;5253354;5255438
all4384;Chr;comp;5257170;5255695
alr4385;Chr;direct;5257381;5258106
alr4386;Chr;direct;5258159;5259022
all4387;Chr;comp;5259899;5259063
all4388;Chr;comp;5261729;5260248
all4389;Chr;comp;5263049;5262042
all4390;Chr;comp;5263865;5263236
all4391;Chr;comp;5264802;5264008
alr4392;Chr;direct;5265413;5266084
alr4393;Chr;direct;5266414;5267904
alr4394;Chr;direct;5268168;5268614
asl4395;Chr;comp;5268910;5268647
all4396;Chr;comp;5271368;5269212
all4397;Chr;comp;5272063;5271515
alr4398;Chr;direct;5272199;5275426
all4399;Chr;comp;5276161;5275721
all4400;Chr;comp;5276514;5276131
all4401;Chr;comp;5277834;5276722
all4402;Chr;comp;5278590;5277865
all4403;Chr;comp;5280362;5278650
alr4404;Chr;direct;5280720;5281358
alr4405;Chr;direct;5281498;5282082
all4406;Chr;comp;5282715;5282122
all4407;Chr;comp;5284076;5283693
all4408;Chr;comp;5284359;5284045
asl4409;Chr;comp;5284585;5284415
all4410;Chr;comp;5285836;5284691
all4411;Chr;comp;5286704;5285817
alr4412;Chr;direct;5286955;5289417
all4413;Chr;comp;5291696;5289468
all4414;Chr;comp;5293892;5291811
all4415;Chr;comp;5294230;5293916
alr4416;Chr;direct;5294621;5295595
alr4417;Chr;direct;5295853;5296728
all4418;Chr;comp;5297799;5296756
asl4419;Chr;comp;5298139;5297891
all4420;Chr;comp;5299606;5298269
asr4421;Chr;direct;5299683;5299898
all4422;Chr;comp;5300726;5299953
all4423;Chr;comp;5302026;5300887
all4424;Chr;comp;5303041;5302148
all4425;Chr;comp;5304136;5303120
all4426;Chr;comp;5305425;5304172
all4427;Chr;comp;5306402;5305467
all4428;Chr;comp;5307663;5306428
all4429;Chr;comp;5308625;5307699
all4430;Chr;comp;5309987;5308665
all4431;Chr;comp;5311017;5310064
all4432;Chr;comp;5313419;5311215
all4433;Chr;comp;5317433;5314332
all4434;Chr;comp;5318155;5317805
alr4435;Chr;direct;5319008;5320249
all4436;Chr;comp;5321526;5320348
all4437;Chr;comp;5322258;5321596
alr4438;Chr;direct;5322370;5322753
alr4439;Chr;direct;5322723;5323163
all4440;Chr;comp;5323686;5323168
all4441;Chr;comp;5324733;5323720
all4442;Chr;comp;5326490;5324832
all4443;Chr;comp;5327997;5326657
all4444;Chr;comp;5329971;5328244
all4445;Chr;comp;5330537;5330040
all4446;Chr;comp;5332402;5330672
alr4447;Chr;direct;5332703;5333650
alr4448;Chr;direct;5333786;5334934
asr4449;Chr;direct;5335057;5335215
all4450;Chr;comp;5338146;5336086
asl4451;Chr;comp;5338576;5338361
asl4452;Chr;comp;5338773;5338579
all4453;Chr;comp;5339378;5338818
alr4454;Chr;direct;5339390;5340070
alr4455;Chr;direct;5340190;5340951
alr4456;Chr;direct;5341205;5342008
asr4457;Chr;direct;5342123;5342410
all4458;Chr;comp;5343384;5342428
all4459;Chr;comp;5343950;5343387
all4460;Chr;comp;5345352;5344798
all4461;Chr;comp;5346440;5345634
all4462;Chr;comp;5347909;5346458
all4463;Chr;comp;5349342;5348101
all4464;Chr;comp;5350204;5349479
all4465;Chr;comp;5351519;5350308
alr4466;Chr;direct;5352128;5353039
all4467;Chr;comp;5354017;5353094
alr4468;Chr;direct;5354529;5355020
alr4469;Chr;direct;5355345;5355731
asr4470;Chr;direct;5355913;5356143
asr4471;Chr;direct;5356121;5356405
all4472;Chr;comp;5357318;5356449
all4473;Chr;comp;5357924;5357340
all4474;Chr;comp;5358531;5357917
all4475;Chr;comp;5361274;5358545
all4476;Chr;comp;5361720;5361274
all4477;Chr;comp;5363855;5361717
all4478;Chr;comp;5364550;5364128
all4479;Chr;comp;5365260;5364769
all4480;Chr;comp;5366381;5365347
all4481;Chr;comp;5367584;5366484
asl4482;Chr;comp;5367863;5367669
asl4483;Chr;comp;5368140;5367973
alr4484;Chr;direct;5368139;5368864
alr4485;Chr;direct;5369399;5370205
alr4486;Chr;direct;5370206;5370946
alr4487;Chr;direct;5370957;5373947
alr4488;Chr;direct;5373931;5376075
alr4489;Chr;direct;5376114;5376659
alr4490;Chr;direct;5376652;5377536
alr4491;Chr;direct;5377539;5378615
alr4492;Chr;direct;5378788;5379816
alr4493;Chr;direct;5379819;5380706
alr4494;Chr;direct;5380744;5381811
all4495;Chr;comp;5384188;5381870
all4496;Chr;comp;5386174;5384447
all4497;Chr;comp;5387203;5386601
asr4498;Chr;direct;5387456;5387716
all4499;Chr;comp;5389412;5387772
all4500;Chr;comp;5390168;5389542
all4501;Chr;comp;5391575;5390907
all4502;Chr;comp;5392929;5391625
all4503;Chr;comp;5393749;5392988
alr4504;Chr;direct;5394283;5395266
alr4505;Chr;direct;5395306;5396385
all4506;Chr;comp;5397781;5397008
asl4507;Chr;comp;5398134;5397838
all4508;Chr;comp;5398513;5398205
alr4509;Chr;direct;5398669;5399718
all4510;Chr;comp;5400832;5399843
all4511;Chr;comp;5401455;5400919
alr4512;Chr;direct;5401743;5403044
alr4513;Chr;direct;5403056;5403610
alr4514;Chr;direct;5404059;5404391
alr4515;Chr;direct;5404430;5406199
alr4516;Chr;direct;5406218;5406940
asr4517;Chr;direct;5407503;5407700
all4518;Chr;comp;5409723;5408161
all4519;Chr;comp;5410437;5410123
all4520;Chr;comp;5411873;5410695
alr4521;Chr;direct;5412255;5413016
asr4522;Chr;direct;5413172;5413372
all4523;Chr;comp;5414360;5413755
asr4524;Chr;direct;5415909;5416151
alr4525;Chr;direct;5416696;5417016
alr4526;Chr;direct;5417114;5418457
asr4527;Chr;direct;5418426;5418653
alr4528;Chr;direct;5418658;5419827
alr4529;Chr;direct;5419842;5420486
alr4530;Chr;direct;5420464;5421630
alr4531;Chr;direct;5421658;5425398
alr4532;Chr;direct;5425497;5426954
alr4533;Chr;direct;5427051;5428559
alr4534;Chr;direct;5428559;5428951
asr4535;Chr;direct;5429182;5429370
alr4536;Chr;direct;5429439;5430020
alr4537;Chr;direct;5430167;5430925
all4538;Chr;comp;5431450;5431043
all4539;Chr;comp;5432976;5431630
all4540;Chr;comp;5433534;5433121
all4541;Chr;comp;5434186;5433605
alr4542;Chr;direct;5434313;5435044
alr4543;Chr;direct;5435398;5436912
all4544;Chr;comp;5437512;5437189
all4545;Chr;comp;5439362;5438814
all4546;Chr;comp;5440476;5439799
asl4547;Chr;comp;5440763;5440491
alr4548;Chr;direct;5441150;5442205
asr4549;Chr;direct;5442814;5443095
all1454C;Chr;comp;1700612;1700481
all1454N;Chr;comp;1713263;1711902
alr4550;Chr;direct;5443461;5445188
alr4551;Chr;direct;5445365;5445802
alr4552;Chr;direct;5445929;5446891
alr4553;Chr;direct;5446907;5447614
alr4554;Chr;direct;5447755;5448627
all4555;Chr;comp;5449800;5448748
all4556;Chr;comp;5451447;5450335
asl4557;Chr;comp;5451877;5451713
all4558;Chr;comp;5453287;5452196
alr4559;Chr;direct;5453773;5456133
asr4560;Chr;direct;5456365;5456583
asl4561;Chr;comp;5456943;5456680
asl4562;Chr;comp;5457152;5456940
all4563;Chr;comp;5458590;5457511
alr4564;Chr;direct;5459640;5460821
asl4565;Chr;comp;5461274;5460996
alr4566;Chr;direct;5461491;5462645
alr4567;Chr;direct;5462757;5463362
alr4568;Chr;direct;5463349;5463738
alr4569;Chr;direct;5463823;5464263
alr4570;Chr;direct;5464327;5465001
alr4571;Chr;direct;5465151;5466467
all4572;Chr;comp;5467538;5466732
all4573;Chr;comp;5468488;5467595
all4574;Chr;comp;5469446;5468496
all4575;Chr;comp;5470800;5469622
alr4576;Chr;direct;5471479;5472069
alr4577;Chr;direct;5472185;5472661
all4578;Chr;comp;5473347;5472739
alr4579;Chr;direct;5473970;5476240
all4580;Chr;comp;5477684;5476608
all4581;Chr;comp;5478697;5478071
alr4582;Chr;direct;5479176;5479694
alr4583;Chr;direct;5479836;5480873
asr4584;Chr;direct;5480901;5481182
alr4585;Chr;direct;5481383;5482312
alr4586;Chr;direct;5482322;5484388
alr4587;Chr;direct;5484477;5485118
asr4588;Chr;direct;5485288;5485494
alr4589;Chr;direct;5485792;5486388
all4590;Chr;comp;5488336;5486507
all4591;Chr;comp;5489466;5488414
alr4592;Chr;direct;5489831;5490913
all4593;Chr;comp;5492478;5491174
asr4594;Chr;direct;5492680;5492880
alr4595;Chr;direct;5492877;5493770
alr4596;Chr;direct;5494082;5495473
alr4597;Chr;direct;5496270;5497853
asr4598;Chr;direct;5497858;5498121
alr4599;Chr;direct;5498226;5498804
asr4600;Chr;direct;5498855;5499145
alr4601;Chr;direct;5499211;5499573
alr4602;Chr;direct;5499577;5500749
alr4603;Chr;direct;5500944;5501465
alr4604;Chr;direct;5501462;5504353
asr4605;Chr;direct;5504331;5504498
alr4606;Chr;direct;5504710;5507025
all4607;Chr;comp;5510128;5507177
all4608;Chr;comp;5510793;5510401
all4609;Chr;comp;5512113;5510983
alr4610;Chr;direct;5512290;5512784
alr4611;Chr;direct;5513073;5513867
asr4612;Chr;direct;5513963;5514130
all4613;Chr;comp;5516070;5514172
all4614;Chr;comp;5517506;5516241
all4615;Chr;comp;5518235;5517663
alr4616;Chr;direct;5518571;5519620
all4617;Chr;comp;5520414;5519938
all4618;Chr;comp;5521113;5520499
alr4619;Chr;direct;5521471;5522271
all4620;Chr;comp;5523882;5522320
alr4621;Chr;direct;5524193;5525008
all4622;Chr;comp;5528055;5525047
all4623;Chr;comp;5528933;5528319
asl4624;Chr;comp;5529224;5529063
alr4625;Chr;direct;5529313;5530251
all4626;Chr;comp;5530635;5530333
alr4627;Chr;direct;5530887;5531435
alr4628;Chr;direct;5531912;5532910
alr4629;Chr;direct;5533421;5534368
all4630;Chr;comp;5534860;5534474
alr4631;Chr;direct;5535948;5537549
all4632;Chr;comp;5537914;5537591
all4633;Chr;comp;5538716;5537925
alr4634;Chr;direct;5538782;5539204
all4635;Chr;comp;5539898;5539239
all4636;Chr;comp;5541100;5539895
alr4637;Chr;direct;5541457;5541960
asr4638;Chr;direct;5541963;5542133
all4639;Chr;comp;5544506;5542443
asl4640;Chr;comp;5544667;5544494
alr4641;Chr;direct;5544705;5545316
alr4642;Chr;direct;5545507;5546148
all4643;Chr;comp;5547254;5546253
all4644;Chr;comp;5547947;5547375
all4645;Chr;comp;5549280;5547991
alr4646;Chr;direct;5549742;5551208
all4647;Chr;comp;5551794;5551375
asr4648;Chr;direct;5551983;5552219
alr4649;Chr;direct;5552545;5553084
alr4650;Chr;direct;5553104;5553469
all4651;Chr;comp;5554076;5553678
all4652;Chr;comp;5554957;5554073
asr4653;Chr;direct;5555144;5555326
asl4654;Chr;comp;5555785;5555510
alr4655;Chr;direct;5556256;5557218
all4656;Chr;comp;5558738;5557488
asr4657;Chr;direct;5558900;5559022
alr4658;Chr;direct;5559724;5560134
all4659;Chr;comp;5560983;5560273
alr4660;Chr;direct;5561361;5561825
alr4661;Chr;direct;5561838;5562395
all4662;Chr;comp;5563028;5562537
all4663;Chr;comp;5563506;5563111
all4664;Chr;comp;5563970;5563572
all4665;Chr;comp;5565295;5564201
all4666;Chr;comp;5566177;5565803
all4667;Chr;comp;5566951;5566388
all4668;Chr;comp;5568960;5567278
asr4669;Chr;direct;5569870;5570064
alr4670;Chr;direct;5570574;5571566
all4671;Chr;comp;5572224;5571643
alr4672;Chr;direct;5572616;5573554
all4673;Chr;comp;5574671;5573697
alr4674;Chr;direct;5574789;5575748
all4675;Chr;comp;5577399;5575996
asr4676;Chr;direct;5577640;5577816
all4677;Chr;comp;5579438;5578059
asr4678;Chr;direct;5579604;5579804
all4679;Chr;comp;5580583;5579894
all4680;Chr;comp;5581502;5580645
alr4681;Chr;direct;5581627;5582487
alr4682;Chr;direct;5582484;5583356
alr4683;Chr;direct;5583579;5583911
alr4684;Chr;direct;5584154;5584924
alr4685;Chr;direct;5586089;5587057
alr4686;Chr;direct;5587079;5588485
all4687;Chr;comp;5594204;5588502
all4688;Chr;comp;5595614;5594727
all4689;Chr;comp;5596214;5595705
all4690;Chr;comp;5596967;5596323
alr4691;Chr;direct;5597233;5598858
alr4692;Chr;direct;5598955;5599422
alr4693;Chr;direct;5600059;5600559
all4694;Chr;comp;5601104;5600643
alr4695;Chr;direct;5601362;5601661
alr4696;Chr;direct;5601725;5602138
all4697;Chr;comp;5602747;5602196
all4698;Chr;comp;5603689;5602904
all4699;Chr;comp;5604792;5603941
alr4700;Chr;direct;5605020;5605595
alr4701;Chr;direct;5605730;5606173
alr4702;Chr;direct;5606218;5608104
alr4703;Chr;direct;5608276;5609967
all4704;Chr;comp;5610476;5609943
all4705;Chr;comp;5611514;5610552
alr4706;Chr;direct;5611695;5612000
asr4707;Chr;direct;5612311;5612553
all4708;Chr;comp;5613579;5612944
all4709;Chr;comp;5614228;5613785
all4710;Chr;comp;5615383;5614382
alr4711;Chr;direct;5615559;5616830
alr4712;Chr;direct;5616805;5617491
all4713;Chr;comp;5618550;5617552
alr4714;Chr;direct;5618848;5619546
alr4715;Chr;direct;5619760;5621511
alr4716;Chr;direct;5621596;5623002
alr4717;Chr;direct;5623138;5623788
alr4718;Chr;direct;5624029;5625309
all4719;Chr;comp;5626157;5625426
alr4720;Chr;direct;5626657;5626962
all4721;Chr;comp;5627989;5627339
all4722;Chr;comp;5629149;5628088
all4723;Chr;comp;5631098;5629260
all4724;Chr;comp;5632442;5631210
all4725;Chr;comp;5633512;5632502
all4726;Chr;comp;5634740;5633625
all4727;Chr;comp;5635453;5634737
asl4728;Chr;comp;5635657;5635490
all4729;Chr;comp;5636422;5635712
all4730;Chr;comp;5638307;5637279
all4731;Chr;comp;5639063;5638395
all4732;Chr;comp;5640939;5639128
alr4733;Chr;direct;5641382;5645068
alr4734;Chr;direct;5645251;5645793
all4735;Chr;comp;5647002;5646448
all4736;Chr;comp;5648079;5647525
all4737;Chr;comp;5648935;5648264
alr4738;Chr;direct;5649034;5650506
alr4739;Chr;direct;5650662;5651294
alr4740;Chr;direct;5651369;5651956
alr4741;Chr;direct;5652121;5653788
alr4742;Chr;direct;5654599;5656185
asl4743;Chr;comp;5656583;5656392
all4744;Chr;comp;5658599;5656758
alr4745;Chr;direct;5658889;5660316
alr4746;Chr;direct;5660424;5661314
asr4747;Chr;direct;5661594;5661842
asl4748;Chr;comp;5662298;5662071
all4749;Chr;comp;5663207;5662803
all4750;Chr;comp;5664216;5663530
all4751;Chr;comp;5665216;5664299
all4752;Chr;comp;5666334;5665348
asl4753;Chr;comp;5666570;5666412
asl4754;Chr;comp;5666703;5666599
alr4755;Chr;direct;5666977;5668065
all4756;Chr;comp;5669344;5668382
all4757;Chr;comp;5669990;5669640
alr4758;Chr;direct;5670374;5671153
all4759;Chr;comp;5672925;5671156
all4760;Chr;comp;5673955;5672993
all4761;Chr;comp;5674650;5674117
all4762;Chr;comp;5676602;5674881
all4763;Chr;comp;5677538;5676915
all4764;Chr;comp;5677837;5677538
asl4765;Chr;comp;5678169;5677966
alr4766;Chr;direct;5678382;5679743
all4767;Chr;comp;5680709;5680218
all4768;Chr;comp;5681307;5680792
alr4769;Chr;direct;5682194;5682877
all4770;Chr;comp;5683508;5682996
all4771;Chr;comp;5684226;5683594
alr4772;Chr;direct;5684514;5685095
alr4773;Chr;direct;5685100;5687439
all4774;Chr;comp;5688359;5687436
asr4775;Chr;direct;5688573;5688833
all4776;Chr;comp;5691186;5689216
alr4777;Chr;direct;5691446;5691991
all4778;Chr;comp;5694116;5692233
all4779;Chr;comp;5694879;5694331
all4780;Chr;comp;5696477;5695242
alr4781;Chr;direct;5696681;5697979
all4782;Chr;comp;5698656;5698282
alr4783;Chr;direct;5698876;5699406
alr4784;Chr;direct;5699645;5700904
alr4785;Chr;direct;5700993;5701292
alr4786;Chr;direct;5701563;5702315
alr4787;Chr;direct;5702457;5703989
alr4788;Chr;direct;5704099;5704620
all4789;Chr;comp;5707308;5704840
all4790;Chr;comp;5708230;5707397
all4791;Chr;comp;5709381;5708440
all4792;Chr;comp;5710497;5709700
all4793;Chr;comp;5711580;5710639
alr4794;Chr;direct;5712056;5714242
alr4795;Chr;direct;5714434;5714907
all4796;Chr;comp;5715605;5714994
all4797;Chr;comp;5716404;5715892
alr4798;Chr;direct;5716795;5717997
all4799;Chr;comp;5718706;5718077
alr4800;Chr;direct;5719117;5719518
all4801;Chr;comp;5720705;5720145
all4802;Chr;comp;5721298;5720972
alr4803;Chr;direct;5721473;5722246
all4804;Chr;comp;5722725;5722249
asl4805;Chr;comp;5723004;5722807
alr4806;Chr;direct;5723605;5724888
alr4807;Chr;direct;5725083;5726129
alr4808;Chr;direct;5726185;5727459
asr4809;Chr;direct;5728364;5728576
alr4810;Chr;direct;5728602;5728919
alr4811;Chr;direct;5729170;5729970
alr4812;Chr;direct;5730214;5730861
all4813;Chr;comp;5732846;5730918
alr4814;Chr;direct;5733011;5733499
alr4815;Chr;direct;5733911;5735155
all4816;Chr;comp;5735891;5735451
all4817;Chr;comp;5736244;5735861
alr4818;Chr;direct;5736457;5737017
alr4819;Chr;direct;5737010;5737366
all4820;Chr;comp;5739259;5737373
alr4821;Chr;direct;5740065;5741123
all4822;Chr;comp;5742594;5741320
alr4823;Chr;direct;5743193;5743900
all4824;Chr;comp;5744740;5743901
all4825;Chr;comp;5745358;5744777
all4826;Chr;comp;5746399;5745455
asl4827;Chr;comp;5746537;5746424
all4828;Chr;comp;5747502;5746681
all4829;Chr;comp;5748797;5748039
all4830;Chr;comp;5750047;5748908
alr4831;Chr;direct;5750530;5751465
all4832;Chr;comp;5752928;5751639
alr4833;Chr;direct;5753083;5754450
all4834;Chr;comp;5759169;5754514
all4835;Chr;comp;5760494;5759190
alr4836;Chr;direct;5761178;5761654
alr4837;Chr;direct;5761880;5762599
all4838;Chr;comp;5764954;5762621
alr4839;Chr;direct;5765805;5766278
alr4840;Chr;direct;5766369;5767964
alr4841;Chr;direct;5768033;5768890
alr4842;Chr;direct;5768957;5770399
all4843;Chr;comp;5771036;5770422
all4844;Chr;comp;5771677;5771090
all4845;Chr;comp;5772817;5771825
alr4846;Chr;direct;5773043;5773840
alr4847;Chr;direct;5774263;5775159
alr4848;Chr;direct;5775289;5776377
alr4849;Chr;direct;5776716;5777624
alr4850;Chr;direct;5777859;5778401
alr4851;Chr;direct;5778711;5781503
alr4852;Chr;direct;5781710;5782351
alr4853;Chr;direct;5782444;5783610
alr4854;Chr;direct;5783774;5784349
all4855;Chr;comp;5784768;5784388
asl4856;Chr;comp;5785038;5784781
all4857;Chr;comp;5786275;5785088
asr4858;Chr;direct;5786506;5786676
all4859;Chr;comp;5787830;5786820
asl4860;Chr;comp;5788232;5787978
all4861;Chr;comp;5791249;5788301
asl4862;Chr;comp;5791720;5791487
alr4863;Chr;direct;5791937;5794936
alr4864;Chr;direct;5795026;5796525
asl4865;Chr;comp;5796892;5796701
alr4866;Chr;direct;5796899;5797981
all4867;Chr;comp;5798580;5798068
all4868;Chr;comp;5799179;5798610
all4869;Chr;comp;5800339;5799761
alr4870;Chr;direct;5800515;5802626
all4871;Chr;comp;5803490;5802627
all4872;Chr;comp;5804047;5803604
all4873;Chr;comp;5804582;5804271
all4874;Chr;comp;5805392;5804715
all4875;Chr;comp;5806404;5805418
alr4876;Chr;direct;5806696;5807079
alr4877;Chr;direct;5807437;5809233
alr4878;Chr;direct;5809643;5812468
alr4879;Chr;direct;5812606;5813829
alr4880;Chr;direct;5814307;5815638
alr4881;Chr;direct;5815887;5817035
alr4882;Chr;direct;5817051;5818079
all4883;Chr;comp;5819703;5818141
all4884;Chr;comp;5821671;5820139
all4885;Chr;comp;5822750;5821875
all4886;Chr;comp;5823301;5822843
all4887;Chr;comp;5824938;5823472
alr4888;Chr;direct;5825080;5825940
asl4889;Chr;comp;5826200;5825988
alr4890;Chr;direct;5826199;5827509
alr4891;Chr;direct;5827615;5830230
all4892;Chr;comp;5831623;5830253
alr4893;Chr;direct;5831763;5833793
all4894;Chr;comp;5834301;5833876
all4895;Chr;comp;5835818;5834400
all4896;Chr;comp;5837391;5835841
all4897;Chr;comp;5840664;5838199
alr4898;Chr;direct;5841139;5842188
asr4899;Chr;direct;5842407;5842658
all4900;Chr;comp;5845576;5842967
all4901;Chr;comp;5846906;5845563
all4902;Chr;comp;5848133;5846928
asl4903;Chr;comp;5848553;5848338
all4904;Chr;comp;5849697;5848993
alr4905;Chr;direct;5850344;5851999
all4906;Chr;comp;5852740;5852102
alr4907;Chr;direct;5853242;5854162
alr4908;Chr;direct;5854309;5854914
alr4909;Chr;direct;5855034;5856512
asr4910;Chr;direct;5856834;5857013
alr4911;Chr;direct;5857010;5859082
alr4912;Chr;direct;5859210;5859776
alr4913;Chr;direct;5859842;5860393
alr4914;Chr;direct;5860502;5860972
alr4915;Chr;direct;5860986;5861927
all4916;Chr;comp;5863526;5861928
alr4917;Chr;direct;5863684;5865372
asl4918;Chr;comp;5865611;5865369
alr4919;Chr;direct;5866137;5868125
asr4920;Chr;direct;5868158;5868400
alr4921;Chr;direct;5868406;5868753
alr4922;Chr;direct;5868801;5869202
all4923;Chr;comp;5870247;5869288
all4924;Chr;comp;5872823;5870247
all4925;Chr;comp;5873989;5872967
all4926;Chr;comp;5878094;5874273
all4927;Chr;comp;5878941;5878468
all4928;Chr;comp;5879518;5878934
all4929;Chr;comp;5882071;5879759
alr4930;Chr;direct;5882362;5882781
all4931;Chr;comp;5883784;5883107
alr4932;Chr;direct;5884062;5886029
all4933;Chr;comp;5887548;5886142
alr4934;Chr;direct;5887754;5888971
all4935;Chr;comp;5891031;5889046
all4936;Chr;comp;5893920;5891983
asr4937;Chr;direct;5894083;5894292
alr4938;Chr;direct;5894374;5895513
alr4939;Chr;direct;5895759;5896199
all4940;Chr;comp;5896637;5896215
all4941;Chr;comp;5897224;5896856
asr4942;Chr;direct;5897289;5897489
alr4943;Chr;direct;5897549;5898562
alr4944;Chr;direct;5898537;5899175
all4945;Chr;comp;5900287;5899337
all4946;Chr;comp;5901130;5900375
all4947;Chr;comp;5902599;5901139
asl4948;Chr;comp;5902837;5902652
alr4949;Chr;direct;5902941;5904299
all4950;Chr;comp;5905189;5904398
asr4951;Chr;direct;5905291;5905536
alr4952;Chr;direct;5905547;5905939
alr4953;Chr;direct;5906074;5907018
alr4954;Chr;direct;5907159;5908529
all4955;Chr;comp;5910402;5908582
all4956;Chr;comp;5911639;5910449
alr4957;Chr;direct;5911892;5912968
alr4958;Chr;direct;5913275;5915707
asr4959;Chr;direct;5915786;5916055
all4960;Chr;comp;5918398;5916386
alr4961;Chr;direct;5918641;5920389
all4962;Chr;comp;5921871;5920609
all4963;Chr;comp;5925392;5921925
alr4964;Chr;direct;5926387;5926719
alr4965;Chr;direct;5927545;5928084
all4966;Chr;comp;5929280;5928126
all4967;Chr;comp;5930019;5929366
all4968;Chr;comp;5931473;5930094
all4969;Chr;comp;5933126;5931570
all4970;Chr;comp;5935335;5933239
asl4971;Chr;comp;5935659;5935507
all4972;Chr;comp;5936659;5936120
alr4973;Chr;direct;5936788;5937987
alr4974;Chr;direct;5938004;5939161
alr4975;Chr;direct;5939190;5939867
alr4976;Chr;direct;5939982;5941556
alr4977;Chr;direct;5942015;5942341
all4978;Chr;comp;5948184;5947510
alr4979;Chr;direct;5948287;5948940
all4980;Chr;comp;5949427;5949032
all4981;Chr;comp;5952137;5950197
all4982;Chr;comp;5952895;5952134
all4983;Chr;comp;5953389;5952892
alr4984;Chr;direct;5954141;5954752
all4985;Chr;comp;5957218;5954798
all4986;Chr;comp;5958462;5957521
asr4987;Chr;direct;5958745;5958969
all4988;Chr;comp;5959743;5959066
all4989;Chr;comp;5962148;5959869
alr4990;Chr;direct;5962466;5963002
all4991;Chr;comp;5963937;5963080
alr4992;Chr;direct;5964323;5965423
alr4993;Chr;direct;5965755;5966213
asl4994;Chr;comp;5966580;5966308
alr4995;Chr;direct;5966840;5968951
alr4996;Chr;direct;5968984;5969487
asr4997;Chr;direct;5969505;5969783
all4998;Chr;comp;5970512;5969829
all4999;Chr;comp;5972318;5970525
alr5000;Chr;direct;5972376;5974013
alr5001;Chr;direct;5974389;5974811
all5002;Chr;comp;5975775;5974840
all5003;Chr;comp;5976945;5976127
asr5004;Chr;direct;5976923;5977135
alr5005;Chr;direct;5977128;5977589
all5006;Chr;comp;5978063;5977644
alr5007;Chr;direct;5978244;5979596
all5008;Chr;comp;5980670;5979600
all5009;Chr;comp;5981550;5980750
alr5010;Chr;direct;5981663;5983153
all5011;Chr;comp;5984194;5983232
all5012;Chr;comp;5985603;5984215
all5013;Chr;comp;5986171;5985728
all5014;Chr;comp;5987354;5986506
asl5015;Chr;comp;5987726;5987538
all5016;Chr;comp;5989040;5988219
all5017;Chr;comp;5990172;5989462
all5018;Chr;comp;5990575;5990165
all5019;Chr;comp;5992128;5990851
all5020;Chr;comp;5992771;5992220
alr5021;Chr;direct;5993003;5993698
all5022;Chr;comp;5995366;5993945
all5023;Chr;comp;5996584;5995541
all5024;Chr;comp;5997422;5996664
all5025;Chr;comp;5997998;5997654
all5026;Chr;comp;5999552;5998071
alr5027;Chr;direct;5999709;6000206
alr5028;Chr;direct;6000221;6001111
all5029;Chr;comp;6001674;6001201
alr5030;Chr;direct;6001817;6002332
alr5031;Chr;direct;6002371;6002976
alr5032;Chr;direct;6002973;6004058
asl5033;Chr;comp;6004484;6004332
alr5034;Chr;direct;6004584;6005405
alr5035;Chr;direct;6005520;6006830
all5036;Chr;comp;6008324;6006912
all5037;Chr;comp;6009256;6008477
all5038;Chr;comp;6009987;6009574
all5039;Chr;comp;6011529;6010081
all5040;Chr;comp;6012721;6011909
asl5041;Chr;comp;6013697;6013464
all5042;Chr;comp;6015187;6014294
all5043;Chr;comp;6016323;6015241
all5044;Chr;comp;6017468;6016323
alr5045;Chr;direct;6018073;6019905
all5046;Chr;comp;6020401;6019997
all5047;Chr;comp;6021038;6020385
asl5048;Chr;comp;6021473;6021306
alr5049;Chr;direct;6021537;6022046
alr5050;Chr;direct;6022349;6024031
alr5051;Chr;direct;6024151;6024726
all5052;Chr;comp;6026134;6024758
alr5053;Chr;direct;6026349;6028163
asr5054;Chr;direct;6028479;6028694
alr5055;Chr;direct;6028907;6029521
all5056;Chr;comp;6029922;6029578
all5057;Chr;comp;6030675;6030127
all5058;Chr;comp;6031432;6030875
alr5059;Chr;direct;6031627;6032733
all5060;Chr;comp;6033398;6032826
alr5061;Chr;direct;6033466;6034464
all5062;Chr;comp;6035548;6034535
all5063;Chr;comp;6036292;6035666
asl5064;Chr;comp;6036456;6036295
alr5065;Chr;direct;6036699;6038183
alr5066;Chr;direct;6038304;6039299
alr5067;Chr;direct;6039497;6039844
alr5068;Chr;direct;6040056;6040541
all5069;Chr;comp;6041305;6040568
alr5070;Chr;direct;6041823;6042290
asr5071;Chr;direct;6042479;6042766
asl5072;Chr;comp;6043006;6042845
all5073;Chr;comp;6044458;6043031
all5074;Chr;comp;6046191;6044626
alr5075;Chr;direct;6046940;6048382
all5076;Chr;comp;6049855;6048452
all5077;Chr;comp;6050763;6050005
all5078;Chr;comp;6051659;6050793
asl5079;Chr;comp;6052547;6052251
asr5080;Chr;direct;6052699;6052854
alr5081;Chr;direct;6052883;6053236
all5082;Chr;comp;6054416;6053790
asl5083;Chr;comp;6054839;6054612
alr5084;Chr;direct;6054894;6057401
asl5085;Chr;comp;6057814;6057554
alr5086;Chr;direct;6058707;6059231
alr5087;Chr;direct;6059508;6059882
all5088;Chr;comp;6060593;6060003
all5089;Chr;comp;6062105;6060669
all5090;Chr;comp;6062848;6062360
all5091;Chr;comp;6063810;6062854
asr5092;Chr;direct;6063845;6064033
all5093;Chr;comp;6064844;6064227
all5094;Chr;comp;6066279;6065182
alr5095;Chr;direct;6066869;6067558
all5096;Chr;comp;6068964;6067654
all5097;Chr;comp;6069842;6069141
all5098;Chr;comp;6070628;6070194
alr5099;Chr;direct;6070730;6071350
all5100;Chr;comp;6077100;6071380
alr5101;Chr;direct;6077381;6079672
all5102;Chr;comp;6080410;6079688
alr5103;Chr;direct;6080786;6082021
all5104;Chr;comp;6084620;6082134
all5105;Chr;comp;6086906;6084684
all5106;Chr;comp;6089689;6087242
all5107;Chr;comp;6092399;6089742
all5108;Chr;comp;6094692;6092491
asr5109;Chr;direct;6094774;6094998
all5110;Chr;comp;6097412;6095025
all5111;Chr;comp;6100392;6097504
all5112;Chr;comp;6102979;6100478
all5113;Chr;comp;6105521;6103071
all5114;Chr;comp;6108344;6105588
all5115;Chr;comp;6111145;6108404
all5116;Chr;comp;6113088;6111322
alr5117;Chr;direct;6113285;6114310
all5118;Chr;comp;6115355;6114366
all5119;Chr;comp;6116030;6115368
all5120;Chr;comp;6118122;6116158
alr5121;Chr;direct;6118342;6118953
all5122;Chr;comp;6119374;6119015
all5123;Chr;comp;6121045;6119534
alr5124;Chr;direct;6121205;6121768
alr5125;Chr;direct;6121892;6123172
alr5126;Chr;direct;6123427;6124290
alr5127;Chr;direct;6124424;6126574
asl5128;Chr;comp;6126732;6126610
alr5129;Chr;direct;6126859;6127209
all5130;Chr;comp;6127792;6127241
all5131;Chr;comp;6129010;6127802
all5132;Chr;comp;6129941;6129498
all5133;Chr;comp;6130230;6129922
alr5134;Chr;direct;6130331;6130747
alr5135;Chr;direct;6130769;6131071
all5136;Chr;comp;6132462;6131152
all5137;Chr;comp;6134676;6132511
all5138;Chr;comp;6135855;6134824
asr5139;Chr;direct;6136565;6136807
alr5140;Chr;direct;6136900;6137211
alr5141;Chr;direct;6137283;6137615
asr5142;Chr;direct;6137778;6138020
alr5143;Chr;direct;6138040;6138390
asr5144;Chr;direct;6139041;6139277
asr5145;Chr;direct;6139761;6140018
asr5146;Chr;direct;6140331;6140585
alr5147;Chr;direct;6140780;6142930
alr5148;Chr;direct;6143048;6144451
alr5149;Chr;direct;6144793;6145452
alr5150;Chr;direct;6145597;6146274
alr5151;Chr;direct;6146377;6148236
alr5152;Chr;direct;6148327;6149295
all5153;Chr;comp;6150908;6149409
alr5154;Chr;direct;6151418;6153676
alr5155;Chr;direct;6153799;6156024
alr5156;Chr;direct;6156174;6156680
alr5157;Chr;direct;6156759;6157142
alr5158;Chr;direct;6157112;6157552
alr5159;Chr;direct;6157902;6158927
alr5160;Chr;direct;6158974;6159534
alr5161;Chr;direct;6159528;6159995
alr5162;Chr;direct;6160151;6161182
all5163;Chr;comp;6162101;6161214
alr5164;Chr;direct;6162334;6163539
all5165;Chr;comp;6163955;6163611
all5166;Chr;comp;6164617;6164021
all5167;Chr;comp;6165502;6164816
alr5168;Chr;direct;6165872;6166831
all5169;Chr;comp;6167439;6166966
all1516C;Chr;comp;1716796;1716740
all1516N;Chr;comp;1776518;1776225
asl5170;Chr;comp;6167907;6167611
all5171;Chr;comp;6168341;6167904
all5172;Chr;comp;6168938;6168564
all5173;Chr;comp;6171920;6169023
all5174;Chr;comp;6173895;6172090
asr5175;Chr;direct;6174188;6174385
all5176;Chr;comp;6175028;6174621
all5177;Chr;comp;6175631;6175185
alr5178;Chr;direct;6175730;6176527
all5179;Chr;comp;6177284;6176622
alr5180;Chr;direct;6177417;6178118
alr5181;Chr;direct;6178247;6178546
alr5182;Chr;direct;6179003;6179860
asr5183;Chr;direct;6180102;6180359
all5184;Chr;comp;6181771;6180371
all5185;Chr;comp;6183440;6181911
alr5186;Chr;direct;6183624;6184376
asr5187;Chr;direct;6184409;6184561
alr5188;Chr;direct;6184539;6185207
alr5189;Chr;direct;6185434;6187047
alr5190;Chr;direct;6187060;6187527
all5191;Chr;comp;6189316;6187790
all5192;Chr;comp;6190558;6189557
all5193;Chr;comp;6192394;6190592
all5194;Chr;comp;6193555;6192395
all5195;Chr;comp;6194992;6193736
all5196;Chr;comp;6196304;6195033
alr5197;Chr;direct;6196963;6198183
alr5198;Chr;direct;6198131;6199312
alr5199;Chr;direct;6199403;6201250
alr5200;Chr;direct;6201174;6201986
alr5201;Chr;direct;6201983;6203275
alr5202;Chr;direct;6203285;6204574
alr5203;Chr;direct;6204692;6205735
alr5204;Chr;direct;6206030;6206362
alr5205;Chr;direct;6206589;6207287
all5206;Chr;comp;6209009;6207390
all5207;Chr;comp;6210848;6209607
alr5208;Chr;direct;6211060;6211578
alr5209;Chr;direct;6211799;6212188
all5210;Chr;comp;6216880;6212204
alr5211;Chr;direct;6217311;6218723
alr5212;Chr;direct;6218728;6219243
all5213;Chr;comp;6220304;6219420
alr5214;Chr;direct;6220606;6221697
all5215;Chr;comp;6225382;6221825
alr5216;Chr;direct;6225679;6227007
alr5217;Chr;direct;6227235;6227777
all5218;Chr;comp;6229514;6228174
all5219;Chr;comp;6231307;6229835
alr5220;Chr;direct;6231571;6231897
all5221;Chr;comp;6233063;6232257
all5222;Chr;comp;6235497;6233353
alr5223;Chr;direct;6236642;6237991
alr5224;Chr;direct;6238321;6238755
alr5225;Chr;direct;6239222;6240484
alr5226;Chr;direct;6240735;6241658
alr5227;Chr;direct;6241808;6242290
alr5228;Chr;direct;6242293;6242862
alr5229;Chr;direct;6242911;6243771
alr5230;Chr;direct;6243778;6244872
alr5231;Chr;direct;6244901;6245590
alr5232;Chr;direct;6245808;6246422
alr5233;Chr;direct;6246541;6246948
alr5234;Chr;direct;6247062;6247472
alr5235;Chr;direct;6247505;6248551
alr5236;Chr;direct;6248548;6249912
alr5237;Chr;direct;6249905;6251158
alr5238;Chr;direct;6251167;6252315
alr5239;Chr;direct;6252417;6253586
alr5240;Chr;direct;6253630;6254397
all5241;Chr;comp;6255329;6254457
alr5242;Chr;direct;6255429;6256262
alr5243;Chr;direct;6256417;6256995
all5244;Chr;comp;6258000;6257218
all5245;Chr;comp;6258714;6258043
all5246;Chr;comp;6259565;6258726
all5247;Chr;comp;6260818;6260198
asl5248;Chr;comp;6261881;6261702
alr5249;Chr;direct;6262145;6264304
all5250;Chr;comp;6265645;6264560
alr5251;Chr;direct;6265968;6266915
alr5252;Chr;direct;6267099;6267788
alr5253;Chr;direct;6267959;6269215
alr5254;Chr;direct;6269313;6270209
all5255;Chr;comp;6271077;6270298
alr5256;Chr;direct;6271150;6271974
alr5257;Chr;direct;6272424;6273629
all5258;Chr;comp;6274367;6273708
alr5259;Chr;direct;6274706;6275203
alr5260;Chr;direct;6275480;6276550
asr5261;Chr;direct;6276802;6276978
asr5262;Chr;direct;6277367;6277546
all5263;Chr;comp;6278839;6277667
all5264;Chr;comp;6281099;6280437
all5265;Chr;comp;6283366;6281429
alr5266;Chr;direct;6283743;6284630
all5267;Chr;comp;6285408;6284680
asl5268;Chr;comp;6285631;6285413
alr5269;Chr;direct;6285771;6287063
alr5270;Chr;direct;6287286;6288548
alr5271;Chr;direct;6288587;6289153
alr5272;Chr;direct;6289564;6291819
all5273;Chr;comp;6292972;6292103
all5274;Chr;comp;6294059;6293316
alr5275;Chr;direct;6294377;6295807
all5276;Chr;comp;6296257;6295931
asl5277;Chr;comp;6296537;6296241
all5278;Chr;comp;6297726;6296596
alr5279;Chr;direct;6297878;6298909
all5280;Chr;comp;6301269;6298957
all5281;Chr;comp;6301836;6301534
all5282;Chr;comp;6303038;6302211
alr5283;Chr;direct;6303216;6303911
alr5284;Chr;direct;6304154;6305173
alr5285;Chr;direct;6305303;6306283
alr5286;Chr;direct;6306603;6307370
alr5287;Chr;direct;6307534;6308241
all5288;Chr;comp;6308938;6308285
asr5289;Chr;direct;6309160;6309321
alr5290;Chr;direct;6309476;6309847
alr5291;Chr;direct;6310388;6312055
all5292;Chr;comp;6312741;6312199
alr5293;Chr;direct;6313281;6314696
alr5294;Chr;direct;6314757;6317999
all5295;Chr;comp;6319080;6318076
alr5296;Chr;direct;6319079;6319879
alr5297;Chr;direct;6320041;6320433
asr5298;Chr;direct;6320845;6321066
alr5299;Chr;direct;6321066;6321698
alr5300;Chr;direct;6321706;6322131
alr5301;Chr;direct;6322260;6322976
alr5302;Chr;direct;6323259;6323804
alr5303;Chr;direct;6323912;6324304
all5304;Chr;comp;6326039;6324543
all5305;Chr;comp;6327012;6326137
all5306;Chr;comp;6327972;6327190
alr5307;Chr;direct;6328387;6329490
all5308;Chr;comp;6331379;6330066
all5309;Chr;comp;6334183;6331376
all5310;Chr;comp;6335276;6334290
all5311;Chr;comp;6338020;6335465
asr5312;Chr;direct;6338112;6338390
asr5313;Chr;direct;6338574;6338789
alr5314;Chr;direct;6339586;6341814
all5315;Chr;comp;6343153;6342287
all5316;Chr;comp;6344277;6343327
alr5317;Chr;direct;6344963;6346258
alr5318;Chr;direct;6346310;6347116
alr5319;Chr;direct;6347196;6348545
alr5320;Chr;direct;6348568;6349146
all5321;Chr;comp;6350254;6349223
all5322;Chr;comp;6351701;6350463
all5323;Chr;comp;6353610;6351778
alr5324;Chr;direct;6354143;6356074
asl5325;Chr;comp;6356284;6356087
alr5326;Chr;direct;6356693;6358624
all5327;Chr;comp;6360425;6358746
alr5328;Chr;direct;6360590;6360961
alr5329;Chr;direct;6361390;6362025
alr5330;Chr;direct;6362214;6363017
alr5331;Chr;direct;6363107;6365563
alr5332;Chr;direct;6365663;6366175
alr5333;Chr;direct;6366205;6366597
all5334;Chr;comp;6368160;6366931
alr5335;Chr;direct;6368786;6369112
all5336;Chr;comp;6369726;6369244
all5337;Chr;comp;6370127;6369825
alr5338;Chr;direct;6370769;6371569
all5339;Chr;comp;6372288;6371689
alr5340;Chr;direct;6372479;6373705
all5341;Chr;comp;6375079;6373814
all5342;Chr;comp;6376452;6375223
all5343;Chr;comp;6377849;6376587
all5344;Chr;comp;6378415;6377948
all5345;Chr;comp;6379530;6378529
all5346;Chr;comp;6380775;6379597
all5347;Chr;comp;6382031;6380832
alr5348;Chr;direct;6382653;6383996
asr5349;Chr;direct;6384517;6384726
asr5350;Chr;direct;6384847;6385125
alr5351;Chr;direct;6385520;6390145
alr5352;Chr;direct;6390364;6390852
alr5353;Chr;direct;6390967;6392679
alr5354;Chr;direct;6393203;6394564
alr5355;Chr;direct;6394808;6398137
alr5356;Chr;direct;6398724;6400052
alr5357;Chr;direct;6400156;6401676
alr5358;Chr;direct;6402230;6403093
all5359;Chr;comp;6403612;6403130
alr5360;Chr;direct;6404128;6404955
alr5361;Chr;direct;6405142;6406188
alr5362;Chr;direct;6406189;6407664
alr5363;Chr;direct;6407666;6408229
asr5364;Chr;direct;6408232;6408420
asr5365;Chr;direct;6408422;6408703
alr5366;Chr;direct;6408697;6409173
alr5367;Chr;direct;6409279;6410331
alr5368;Chr;direct;6410443;6411381
all5369;Chr;comp;6411867;6411385
alr5370;Chr;direct;6411990;6412619
all5371;Chr;comp;6413061;6412669
all0687C;Chr;comp;785522;784437
all0687N;Chr;comp;795467;794958
all7001;alpha;comp;60;407856
all7002;alpha;comp;548;165
alr7003;alpha;direct;1123;1719
all7004;alpha;comp;2477;1734
all7005;alpha;comp;3228;2527
asr7006;alpha;direct;3495;3743
alr7007;alpha;direct;3776;4126
all7008;alpha;comp;5200;4331
alr7009;alpha;direct;5254;5673
all7010;alpha;comp;7252;5798
all7011;alpha;comp;8292;7321
all7012;alpha;comp;9284;8304
all7013;alpha;comp;9731;9429
alr7014;alpha;direct;9975;12119
alr7015;alpha;direct;12278;12790
all7016;alpha;comp;13800;13033
alr7017;alpha;direct;13980;14408
asl7018;alpha;comp;14670;14491
alr7019;alpha;direct;14722;15603
alr7020;alpha;direct;15663;16238
all7021;alpha;comp;16749;16291
all7022;alpha;comp;17511;16909
asr7023;alpha;direct;17835;18122
all7024;alpha;comp;20208;18871
alr7025;alpha;direct;20196;20984
all7026;alpha;comp;24668;21363
all7027;alpha;comp;25702;24731
asl7028;alpha;comp;26473;26267
alr7029;alpha;direct;26757;27449
all7030;alpha;comp;30919;27521
all7031;alpha;comp;31774;31019
all7032;alpha;comp;32291;31833
all7033;alpha;comp;33185;32403
asl7034;alpha;comp;33545;33267
asl7035;alpha;comp;33779;33618
alr7036;alpha;direct;34234;34722
asr7037;alpha;direct;34840;35106
asr7038;alpha;direct;35123;35419
asr7039;alpha;direct;35789;35992
asr7040;alpha;direct;35983;36246
asr7041;alpha;direct;36251;36439
alr7042;alpha;direct;36498;37559
alr7043;alpha;direct;37622;38071
asr7044;alpha;direct;38075;38284
asr7045;alpha;direct;38320;38577
alr7046;alpha;direct;38574;40199
asr7047;alpha;direct;40322;40564
alr7048;alpha;direct;40643;41188
alr7049;alpha;direct;41484;42389
asr7050;alpha;direct;42456;42611
asl7051;alpha;comp;43066;42848
alr7052;alpha;direct;43340;43849
all7053;alpha;comp;44220;43846
all7054;alpha;comp;44748;44224
all7055;alpha;comp;45315;44749
asl7056;alpha;comp;45601;45338
alr7057;alpha;direct;46027;46368
alr7058;alpha;direct;46550;46966
alr7059;alpha;direct;46959;47675
asr7060;alpha;direct;47964;48140
asr7061;alpha;direct;48146;48301
alr7062;alpha;direct;48311;48724
alr7063;alpha;direct;48721;49425
alr7064;alpha;direct;49437;51257
all7065;alpha;comp;52296;51295
all7066;alpha;comp;53093;52788
asr7067;alpha;direct;53241;53402
alr7068;alpha;direct;53425;54024
alr7069;alpha;direct;54433;54960
asr7070;alpha;direct;54966;55157
all7071;alpha;comp;57483;55237
all7072;alpha;comp;61748;58131
alr7073;alpha;direct;63089;63775
alr7074;alpha;direct;64256;64642
alr7075;alpha;direct;64655;65068
alr7076;alpha;direct;65165;66193
alr7077;alpha;direct;66197;66664
alr7078;alpha;direct;66661;67335
alr7079;alpha;direct;67553;68125
all7080;alpha;comp;68550;68239
all7081;alpha;comp;69564;68572
alr7082;alpha;direct;69903;70691
alr7083;alpha;direct;70701;71819
all7084;alpha;comp;72628;72050
all7085;alpha;comp;73786;72662
alr7086;alpha;direct;73835;74236
asr7087;alpha;direct;74792;75037
alr7088;alpha;direct;75169;75615
alr7089;alpha;direct;75677;80056
asr7090;alpha;direct;80620;80763
all7091;alpha;comp;81300;80830
alr7092;alpha;direct;81577;81900
alr7093;alpha;direct;81969;82283
alr7094;alpha;direct;82388;83065
alr7095;alpha;direct;83223;83783
alr7096;alpha;direct;84892;85473
alr7097;alpha;direct;85585;85908
all7098;alpha;comp;87091;85979
all7099;alpha;comp;87446;87138
alr7100;alpha;direct;87629;88111
alr7101;alpha;direct;88188;89216
alr7102;alpha;direct;89403;89984
alr7103;alpha;direct;90115;90438
asr7104;alpha;direct;90687;90971
all7105;alpha;comp;91694;90951
all7106;alpha;comp;92445;91744
alr7107;alpha;direct;92825;93574
all7108;alpha;comp;94288;93953
all7109;alpha;comp;94936;94505
all7110;alpha;comp;95825;94971
all7111;alpha;comp;96605;95862
all7112;alpha;comp;97356;96655
all7113;alpha;comp;98057;97542
asl7114;alpha;comp;98425;98234
all7115;alpha;comp;99817;98591
all7116;alpha;comp;100251;99886
all7117;alpha;comp;100578;100270
asl7118;alpha;comp;100777;100622
asl7119;alpha;comp;101061;100861
all7120;alpha;comp;101789;101178
all7121;alpha;comp;104168;102084
all7122;alpha;comp;106102;104699
all7123;alpha;comp;107515;106712
alr7124;alpha;direct;107975;109735
alr7125;alpha;direct;109773;110882
alr7126;alpha;direct;110886;112841
alr7127;alpha;direct;112928;115078
all7128;alpha;comp;124556;115305
alr7129;alpha;direct;124768;128337
all7130;alpha;comp;135368;128475
all7131;alpha;comp;136025;135612
alr7132;alpha;direct;136220;137137
all7133;alpha;comp;139294;137174
all7134;alpha;comp;140741;139638
all7135;alpha;comp;141573;140773
all7136;alpha;comp;143313;141679
all7137;alpha;comp;143807;143487
alr7138;alpha;direct;144202;145203
alr7139;alpha;direct;145281;145607
asr7140;alpha;direct;145992;146198
alr7141;alpha;direct;146308;147120
asr7142;alpha;direct;147195;147389
asr7143;alpha;direct;147396;147650
alr7144;alpha;direct;147647;148105
asr7145;alpha;direct;148402;148581
asr7146;alpha;direct;148750;149037
alr7147;alpha;direct;148658;150187
all7148;alpha;comp;151671;150406
alr7149;alpha;direct;151722;152126
all7150;alpha;comp;152820;152233
all7151;alpha;comp;153408;152917
asr7152;alpha;direct;153981;154133
alr7153;alpha;direct;154130;155356
asr7154;alpha;direct;155453;155680
all7155;alpha;comp;156030;155695
asl7156;alpha;comp;156284;156027
alr7157;alpha;direct;156625;158514
all7158;alpha;comp;159995;158772
asl7159;alpha;comp;160536;160246
all7160;alpha;comp;160973;160608
all7161;alpha;comp;162413;161193
alr7162;alpha;direct;162991;163797
alr7163;alpha;direct;164199;164648
asl7164;alpha;comp;164908;164738
all7165;alpha;comp;165733;165182
all7166;alpha;comp;166332;165859
all7167;alpha;comp;166885;166352
alr7168;alpha;direct;166955;167464
alr7169;alpha;direct;167610;168890
all7170;alpha;comp;169693;169235
all7171;alpha;comp;170698;169859
all7172;alpha;comp;173871;170704
all7173;alpha;comp;174667;174023
all7174;alpha;comp;175504;174962
all7175;alpha;comp;176270;175812
asl7176;alpha;comp;176669;176400
all7177;alpha;comp;177705;176962
all7178;alpha;comp;178456;177755
all7179;alpha;comp;179774;178824
asr7180;alpha;direct;180074;180262
asl7181;alpha;comp;180693;180526
all7182;alpha;comp;181263;180823
all7183;alpha;comp;181721;181374
alr7184;alpha;direct;181931;182476
all7185;alpha;comp;184151;182736
all7186;alpha;comp;184701;184312
all7187;alpha;comp;186894;184798
all7188;alpha;comp;188281;187106
alr7189;alpha;direct;188717;190006
alr7190;alpha;direct;190003;193578
all7191;alpha;comp;198563;193773
alr7192;alpha;direct;198603;199139
all7193;alpha;comp;199621;199217
all7194;alpha;comp;200240;199836
all7195;alpha;comp;201444;200242
all7196;alpha;comp;203626;201779
all7197;alpha;comp;205198;203957
all7198;alpha;comp;205714;205250
alr7199;alpha;direct;206840;208546
alr7200;alpha;direct;208654;210273
alr7201;alpha;direct;210276;210836
alr7202;alpha;direct;210869;211423
alr7203;alpha;direct;211821;212780
alr7204;alpha;direct;213098;213703
alr7205;alpha;direct;214194;214502
alr7206;alpha;direct;214524;217343
alr7207;alpha;direct;217347;218063
alr7208;alpha;direct;218167;219279
alr7209;alpha;direct;219391;220185
alr7210;alpha;direct;220182;221723
alr7211;alpha;direct;221720;222460
alr7212;alpha;direct;222457;223653
alr7213;alpha;direct;223656;225425
alr7214;alpha;direct;225431;225922
alr7215;alpha;direct;226046;229729
alr7216;alpha;direct;229752;230537
asl7217;alpha;comp;230781;230539
all7218;alpha;comp;231499;230765
alr7219;alpha;direct;231826;232482
all7220;alpha;comp;233079;232483
all7221;alpha;comp;233780;233079
all7222;alpha;comp;234903;233857
all7223;alpha;comp;235261;234935
alr7224;alpha;direct;235648;236310
all7225;alpha;comp;236954;236331
all7226;alpha;comp;237502;236963
all7227;alpha;comp;241324;237692
alr7228;alpha;direct;242109;243317
all7229;alpha;comp;245289;243757
asr7230;alpha;direct;245494;245646
alr7231;alpha;direct;245747;246955
alr7232;alpha;direct;246952;248706
alr7233;alpha;direct;248763;249788
all7234;alpha;comp;252217;249749
all7235;alpha;comp;254748;252217
all7236;alpha;comp;255332;254829
asl7237;alpha;comp;256207;255926
all7238;alpha;comp;257286;256519
alr7239;alpha;direct;257308;258237
alr7240;alpha;direct;258825;259229
alr7241;alpha;direct;259646;261334
alr7242;alpha;direct;261292;262620
alr7243;alpha;direct;263247;265067
all7244;alpha;comp;265677;265165
all7245;alpha;comp;267414;266191
asl7246;alpha;comp;267610;267398
asr7247;alpha;direct;267885;268082
asl7248;alpha;comp;268373;268152
alr7249;alpha;direct;268528;270177
alr7250;alpha;direct;270303;270767
asl7251;alpha;comp;271350;271195
asr7252;alpha;direct;271339;271632
alr7253;alpha;direct;271772;272173
alr7254;alpha;direct;272250;272609
all7255;alpha;comp;274335;272836
asr7256;alpha;direct;274677;274874
asr7257;alpha;direct;275381;275572
asl7258;alpha;comp;276321;276121
all7259;alpha;comp;277172;276435
asr7260;alpha;direct;277204;277356
alr7261;alpha;direct;277568;278434
all7262;alpha;comp;278949;278548
all7263;alpha;comp;279577;279212
alr7264;alpha;direct;279901;280566
all7265;alpha;comp;281139;280759
asl7266;alpha;comp;281414;281136
all7267;alpha;comp;282767;281445
all7268;alpha;comp;284361;282868
all7269;alpha;comp;284944;284468
all7270;alpha;comp;285657;284941
all7271;alpha;comp;286046;285654
all7272;alpha;comp;286435;286052
all7273;alpha;comp;286849;286526
all7274;alpha;comp;288213;286849
all7275;alpha;comp;289635;288301
alr7276;alpha;direct;289786;290244
all7277;alpha;comp;291736;290453
alr7278;alpha;direct;292005;292313
all7279;alpha;comp;292782;292357
all7280;alpha;comp;293587;292955
asl7281;alpha;comp;293823;293584
asl7282;alpha;comp;294118;293864
asl7283;alpha;comp;294375;294121
all7284;alpha;comp;294822;294463
all7285;alpha;comp;295162;294851
all7286;alpha;comp;296161;295223
all7287;alpha;comp;296644;296186
all7288;alpha;comp;297499;296666
asl7289;alpha;comp;297802;297605
all7290;alpha;comp;298109;297795
all7291;alpha;comp;299228;298224
alr7292;alpha;direct;299439;299765
asr7293;alpha;direct;299832;300014
alr7294;alpha;direct;300019;300399
alr7295;alpha;direct;300777;302987
asl7296;alpha;comp;305372;305190
alr7297;alpha;direct;306308;308449
alr7298;alpha;direct;308789;310237
alr7299;alpha;direct;310413;311207
alr7300;alpha;direct;311398;312207
alr7301;alpha;direct;312381;313187
all7302;alpha;comp;313945;313202
all7303;alpha;comp;314696;313995
alr7304;alpha;direct;316783;331593
alr7305;alpha;direct;332062;333282
asl7306;alpha;comp;333751;333500
alr7307;alpha;direct;334192;334587
alr7308;alpha;direct;334580;335419
all7309;alpha;comp;336458;335694
all7310;alpha;comp;338908;336563
alr7311;alpha;direct;339491;340705
alr7312;alpha;direct;340702;341853
all7313;alpha;comp;344129;342063
all7314;alpha;comp;345903;344401
all7315;alpha;comp;348873;345946
all7316;alpha;comp;349727;348936
all7317;alpha;comp;350712;349972
alr7318;alpha;direct;351072;353678
all7319;alpha;comp;354536;354075
all7320;alpha;comp;355531;354587
alr7321;alpha;direct;355593;356429
asl7322;alpha;comp;356984;356811
alr7323;alpha;direct;357824;359317
all7324;alpha;comp;359806;359297
alr7325;alpha;direct;360084;361295
alr7326;alpha;direct;361655;362176
asl7327;alpha;comp;362707;362519
asl7328;alpha;comp;363088;362948
alr7329;alpha;direct;363105;364382
asr7330;alpha;direct;364454;364705
all7331;alpha;comp;365427;364723
all7332;alpha;comp;366327;365458
alr7333;alpha;direct;366539;367066
alr7334;alpha;direct;367162;367767
all7335;alpha;comp;368899;367820
alr7336;alpha;direct;369477;370340
alr7337;alpha;direct;370402;370791
asr7338;alpha;direct;370861;370992
asr7339;alpha;direct;371273;371551
asr7340;alpha;direct;371659;371787
alr7341;alpha;direct;372178;373086
alr7342;alpha;direct;373276;373731
asr7343;alpha;direct;373741;373950
all7344;alpha;comp;375343;374588
alr7345;alpha;direct;375893;376804
alr7346;alpha;direct;376926;377714
all7347;alpha;comp;378205;377897
all7348;alpha;comp;379792;378410
alr7349;alpha;direct;380318;380692
alr7350;alpha;direct;380785;382005
all7351;alpha;comp;382829;382209
alr7352;alpha;direct;383155;383961
all7353;alpha;comp;384739;383951
alr7354;alpha;direct;384956;385594
all7355;alpha;comp;386128;385754
asl7356;alpha;comp;386411;386229
alr7357;alpha;direct;386622;387644
alr7358;alpha;direct;387700;388056
asl7359;alpha;comp;388267;388067
all7360;alpha;comp;388680;388276
alr7361;alpha;direct;388842;389249
all7362;alpha;comp;390082;389258
asr7363;alpha;direct;390597;390854
all7364;alpha;comp;391357;390977
asl7365;alpha;comp;391626;391354
all7366;alpha;comp;392522;391662
all7367;alpha;comp;392928;392584
all7368;alpha;comp;393424;392930
all7369;alpha;comp;394182;393421
all7370;alpha;comp;394571;394179
asr7371;alpha;direct;394623;394862
all7372;alpha;comp;395436;394969
all7373;alpha;comp;396190;395780
all7374;alpha;comp;397033;396257
all7375;alpha;comp;397826;397083
all7376;alpha;comp;398577;397876
all7377;alpha;comp;400728;398803
alr7378;alpha;direct;401380;402390
all7379;alpha;comp;403041;402406
asr7380;alpha;direct;403186;403293
alr7381;alpha;direct;403405;403791
all7382;alpha;comp;405144;403792
alr7383;alpha;direct;405423;406121
alr7384;alpha;direct;406238;406609
asr7385;alpha;direct;406770;406943
alr7386;alpha;direct;407541;407846
all7501;beta;comp;116;186374
alr7502;beta;direct;153;740
alr7503;beta;direct;744;1124
alr7504;beta;direct;1298;2548
alr7505;beta;direct;2552;2911
alr7506;beta;direct;3368;4456
alr7507;beta;direct;4437;4931
alr7508;beta;direct;4928;6382
asl7509;beta;comp;6921;6703
all7510;beta;comp;7449;6967
alr7511;beta;direct;7709;8791
alr7512;beta;direct;8983;9507
alr7513;beta;direct;9770;10288
alr7514;beta;direct;10316;10879
alr7515;beta;direct;10876;11415
asr7516;beta;direct;12171;12338
alr7517;beta;direct;12435;13037
alr7518;beta;direct;13468;13917
asr7519;beta;direct;14517;14687
asr7520;beta;direct;14729;14971
all7521;beta;comp;15757;15077
alr7522;beta;direct;15846;16568
all7523;beta;comp;17280;16708
alr7524;beta;direct;17359;17940
all7525;beta;comp;19647;18124
alr7526;beta;direct;19678;20271
all7527;beta;comp;21013;20435
alr7528;beta;direct;21213;22850
alr7529;beta;direct;22975;23541
alr7530;beta;direct;23914;24510
alr7531;beta;direct;24604;24939
alr7532;beta;direct;24982;27810
alr7533;beta;direct;27923;28654
alr7534;beta;direct;28725;29876
alr7535;beta;direct;29890;30666
alr7536;beta;direct;30691;32517
alr7537;beta;direct;32514;33365
alr7538;beta;direct;33369;34826
alr7539;beta;direct;34910;36736
alr7540;beta;direct;36823;39312
alr7541;beta;direct;39529;40419
asr7542;beta;direct;40424;40624
alr7543;beta;direct;40698;42116
alr7544;beta;direct;42145;42987
alr7545;beta;direct;43351;43806
alr7546;beta;direct;43809;44639
all7547;beta;comp;45129;44716
asr7548;beta;direct;45165;45407
alr7549;beta;direct;45471;46211
alr7550;beta;direct;46297;46776
alr7551;beta;direct;46965;47606
alr7552;beta;direct;47701;50421
alr7553;beta;direct;50522;51268
asr7554;beta;direct;51297;51521
alr7555;beta;direct;51589;52587
alr7556;beta;direct;52590;53072
alr7557;beta;direct;53078;53500
alr7558;beta;direct;53544;54272
alr7559;beta;direct;54269;54991
alr7560;beta;direct;54994;55590
alr7561;beta;direct;55578;56369
alr7562;beta;direct;56493;57710
all7563;beta;comp;58365;57697
all7564;beta;comp;58886;58317
alr7565;beta;direct;59124;59807
alr7566;beta;direct;59804;60151
alr7567;beta;direct;60228;61169
alr7568;beta;direct;61789;62781
alr7569;beta;direct;62861;64231
alr7570;beta;direct;64294;65583
all7571;beta;comp;66319;65693
alr7572;beta;direct;66462;68279
alr7573;beta;direct;68368;69150
alr7574;beta;direct;69274;70233
alr7575;beta;direct;70230;71105
alr7576;beta;direct;71184;71855
all7577;beta;comp;72554;71859
all7578;beta;comp;73771;72596
alr7579;beta;direct;74007;74390
alr7580;beta;direct;74464;74883
alr7581;beta;direct;75021;75791
alr7582;beta;direct;75788;76735
all7583;beta;comp;78293;76893
all7584;beta;comp;78985;78290
asl7585;beta;comp;79746;79474
alr7586;beta;direct;79847;80941
alr7587;beta;direct;80941;82302
all7588;beta;comp;82798;82325
all7589;beta;comp;83509;82814
all7590;beta;comp;84184;83531
asl7591;beta;comp;84442;84212
all7592;beta;comp;86652;84478
asl7593;beta;comp;86845;86669
all7594;beta;comp;87603;86902
asr7595;beta;direct;87858;88052
asl7596;beta;comp;88471;88259
all7597;beta;comp;89059;88586
all7598;beta;comp;89927;89412
asl7599;beta;comp;90407;90162
all7600;beta;comp;91719;91042
all7601;beta;comp;93108;91780
all7602;beta;comp;93515;93177
asr7603;beta;direct;93880;94071
alr7604;beta;direct;94376;95542
all7605;beta;comp;97019;95619
all7606;beta;comp;97734;96997
all7607;beta;comp;98251;97766
all7608;beta;comp;99513;98542
all7609;beta;comp;99848;99510
all7610;beta;comp;101118;100204
all7611;beta;comp;101733;101200
alr7612;beta;direct;102136;102783
alr7613;beta;direct;102809;103612
all7614;beta;comp;105408;103765
all7615;beta;comp;106712;105714
all7616;beta;comp;107490;106804
all7617;beta;comp;108070;107654
all7618;beta;comp;111278;108102
all7619;beta;comp;113000;111288
alr7620;beta;direct;113509;113925
all7621;beta;comp;114417;114007
alr7622;beta;direct;114464;117103
all7623;beta;comp;117848;117150
all7624;beta;comp;118570;118169
all7625;beta;comp;120437;118671
all7626;beta;comp;121516;120740
all7627;beta;comp;122792;121593
alr7628;beta;direct;123224;124606
all7629;beta;comp;126049;124658
all7630;beta;comp;126729;126328
all7631;beta;comp;130227;127102
all7632;beta;comp;131961;130276
all7633;beta;comp;132925;132197
alr7634;beta;direct;133290;133658
alr7635;beta;direct;133964;136225
alr7636;beta;direct;136237;137148
alr7637;beta;direct;137258;137671
asr7638;beta;direct;137907;138101
asr7639;beta;direct;138208;138402
alr7640;beta;direct;138446;139324
asl7641;beta;comp;139702;139451
asr7642;beta;direct;139963;140202
alr7643;beta;direct;140845;141288
all7644;beta;comp;142626;141382
all7645;beta;comp;143960;143382
alr7646;beta;direct;144840;145208
alr7647;beta;direct;145341;146756
all7648;beta;comp;147525;146950
alr7649;beta;direct;147920;155665
alr7650;beta;direct;155673;156443
asl7651;beta;comp;156689;156444
alr7652;beta;direct;156946;157734
all7653;beta;comp;158359;157739
all7654;beta;comp;159221;158415
all7655;beta;comp;160152;159244
alr7656;beta;direct;160461;161420
asr7657;beta;direct;161552;161779
all7658;beta;comp;162165;161848
all7659;beta;comp;164447;162252
all7660;beta;comp;166186;165002
alr7661;beta;direct;166707;167159
all7662;beta;comp;167751;167245
all7663;beta;comp;169231;168023
all7664;beta;comp;170039;169560
all7665;beta;comp;170507;170061
all7666;beta;comp;172692;170515
alr7667;beta;direct;172748;173398
all7668;beta;comp;174157;173405
asl7669;beta;comp;174471;174235
alr7670;beta;direct;174532;175050
all7671;beta;comp;175865;175041
all7672;beta;comp;176542;175892
all7673;beta;comp;176888;176547
all7674;beta;comp;177376;176888
all7675;beta;comp;177969;177403
all7676;beta;comp;178816;177974
asl7677;beta;comp;179045;178827
asl7678;beta;comp;179366;179106
all7679;beta;comp;179926;179375
all7680;beta;comp;180347;179949
all7681;beta;comp;181326;180988
all7682;beta;comp;182504;181332
asl7683;beta;comp;182911;182651
alr7684;beta;direct;183152;183739
alr7685;beta;direct;183812;184921
all7686;beta;comp;186359;185769
alr8001;gamma;direct;533;1501
all8002;gamma;comp;2423;1569
all8003;gamma;comp;2840;2430
all8004;gamma;comp;3343;2996
alr8005;gamma;direct;3604;4245
alr8006;gamma;direct;4287;5039
alr8007;gamma;direct;5039;5983
asr8008;gamma;direct;6020;6280
asl8009;gamma;comp;6629;6510
all8010;gamma;comp;7872;6664
alr8011;gamma;direct;8167;8736
asr8012;gamma;direct;8758;9006
all8013;gamma;comp;9416;9012
alr8014;gamma;direct;9578;9982
alr8015;gamma;direct;10436;12871
alr8016;gamma;direct;13100;15010
alr8017;gamma;direct;15088;15438
asl8018;gamma;comp;16079;15888
alr8019;gamma;direct;16184;17416
all8020;gamma;comp;20304;17983
asl8021;gamma;comp;21251;21006
all8022;gamma;comp;22395;21772
all8023;gamma;comp;25693;22661
all8024;gamma;comp;26905;26225
alr8025;gamma;direct;27059;27484
all8026;gamma;comp;27958;27551
asl8027;gamma;comp;28209;27955
asl8028;gamma;comp;28633;28436
alr8029;gamma;direct;28939;29691
all8030;gamma;comp;30990;30211
all8031;gamma;comp;31417;31001
all8032;gamma;comp;32564;31446
alr8033;gamma;direct;32972;33499
alr8034;gamma;direct;33493;37992
all8035;gamma;comp;39591;38272
all8036;gamma;comp;40063;39662
all8037;gamma;comp;41846;40074
all8038;gamma;comp;42997;41849
all8039;gamma;comp;44025;43048
all8040;gamma;comp;45563;44022
all8041;gamma;comp;46071;45568
asr8042;gamma;direct;46103;46288
all8043;gamma;comp;47237;46281
all8044;gamma;comp;47634;47323
all8045;gamma;comp;48580;48020
all8046;gamma;comp;51633;48577
all8047;gamma;comp;52463;51969
all8048;gamma;comp;55545;53578
asl8049;gamma;comp;55874;55713
asl8050;gamma;comp;57400;57257
alr8051;gamma;direct;57793;58725
alr8052;gamma;direct;58727;59137
asr8053;gamma;direct;59134;59295
asr8054;gamma;direct;59295;59561
asl8055;gamma;comp;59811;59593
alr8056;gamma;direct;59813;60211
asr8057;gamma;direct;60350;60601
alr8058;gamma;direct;60598;61203
alr8059;gamma;direct;61274;62032
alr8060;gamma;direct;62029;63933
alr8061;gamma;direct;64355;65197
all8062;gamma;comp;69568;65522
all8063;gamma;comp;70294;69968
all8064;gamma;comp;71565;71233
all8065;gamma;comp;72405;71614
alr8066;gamma;direct;72634;73473
all8067;gamma;comp;75048;73849
all8068;gamma;comp;75879;75304
all8069;gamma;comp;77116;75899
all8070;gamma;comp;77942;77181
alr8071;gamma;direct;78010;78432
asl8072;gamma;comp;78808;78551
alr8073;gamma;direct;78807;79529
alr8074;gamma;direct;79529;80164
all8075;gamma;comp;82258;80213
all8076;gamma;comp;83535;82891
alr8077;gamma;direct;84116;85177
all8078;gamma;comp;90185;85722
all8079;gamma;comp;92660;90306
all8080;gamma;comp;94019;92982
asl8081;gamma;comp;94292;94047
asr8082;gamma;direct;94425;94691
all8083;gamma;comp;95780;94839
asl8084;gamma;comp;96510;96217
all8085;gamma;comp;97037;96636
all8086;gamma;comp;98303;97401
all8087;gamma;comp;99374;98376
all8088;gamma;comp;100195;99386
all8089;gamma;comp;101140;100202
all8090;gamma;comp;1;101177
asr8501;delta;direct;55303;131
alr8502;delta;direct;146;712
all8503;delta;comp;1121;732
asr8504;delta;direct;1661;1846
asl8505;delta;comp;2275;2024
asl8506;delta;comp;2964;2755
all8507;delta;comp;3570;3106
all8508;delta;comp;4835;3567
alr8509;delta;direct;5244;6947
alr8510;delta;direct;7108;8601
all8511;delta;comp;9469;8732
asl8512;delta;comp;9968;9813
asr8513;delta;direct;9980;10213
asl8514;delta;comp;10501;10286
asl8515;delta;comp;10929;10684
all8516;delta;comp;12096;11416
asl8517;delta;comp;12510;12340
alr8518;delta;direct;12718;13152
all8519;delta;comp;16036;13526
all8520;delta;comp;17030;16305
asl8521;delta;comp;17356;17129
alr8522;delta;direct;17579;18706
asr8523;delta;direct;18771;18962
asr8524;delta;direct;18959;19225
asr8525;delta;direct;19239;19430
asr8526;delta;direct;19442;19600
alr8527;delta;direct;19732;20034
alr8528;delta;direct;20044;20715
alr8529;delta;direct;20789;21367
alr8530;delta;direct;21364;23091
alr8531;delta;direct;23316;23987
alr8532;delta;direct;24134;25048
asl8533;delta;comp;25230;25072
alr8534;delta;direct;25509;26519
alr8535;delta;direct;26869;27582
asl8536;delta;comp;27978;27793
asl8537;delta;comp;28606;28340
all8538;delta;comp;29434;28853
asl8539;delta;comp;29992;29720
all8540;delta;comp;30714;30061
asr8541;delta;direct;31050;31232
alr8542;delta;direct;31532;32248
alr8543;delta;direct;32364;33017
all8544;delta;comp;34334;33285
all8545;delta;comp;35369;34350
alr8546;delta;direct;35889;36323
all8547;delta;comp;37049;36549
all8548;delta;comp;37371;37039
asl8549;delta;comp;37809;37513
asl8550;delta;comp;38132;37917
all8551;delta;comp;38768;38274
all8552;delta;comp;39296;38913
all8553;delta;comp;40155;39304
all8554;delta;comp;41159;40152
alr8555;delta;direct;41364;41819
alr8556;delta;direct;41823;42986
alr8557;delta;direct;43046;43453
all8558;delta;comp;44074;43655
all8559;delta;comp;44813;44181
alr8560;delta;direct;45989;47791
asl8561;delta;comp;48101;47856
alr8562;delta;direct;48307;49050
alr8563;delta;direct;49056;49769
all8564;delta;comp;52902;52366
all8565;delta;comp;54176;53583
alr8566;delta;direct;54633;55334
alr9001;epsilon;direct;1429;3222
all9002;epsilon;comp;3833;3399
all9003;epsilon;comp;8019;4726
asl9004;epsilon;comp;8570;8400
alr9005;epsilon;direct;8828;9880
asr9006;epsilon;direct;9921;10088
asr9007;epsilon;direct;10094;10360
asr9008;epsilon;direct;10372;10569
asr9009;epsilon;direct;10654;10824
alr9010;epsilon;direct;10824;11540
alr9011;epsilon;direct;11574;12113
alr9012;epsilon;direct;12110;13876
alr9013;epsilon;direct;14101;14772
alr9014;epsilon;direct;14923;16962
alr9015;epsilon;direct;17059;19092
alr9016;epsilon;direct;19265;19699
alr9017;epsilon;direct;19712;20689
alr9018;epsilon;direct;20873;24781
all9019;epsilon;comp;25887;24868
all9020;epsilon;comp;29264;26334
asl9021;epsilon;comp;30116;29898
asl9022;epsilon;comp;30803;30561
all9023;epsilon;comp;32919;31318
alr9024;epsilon;direct;33412;35067
alr9025;epsilon;direct;35181;35621
alr9026;epsilon;direct;35899;36675
alr9027;epsilon;direct;36676;37599
asr9028;epsilon;direct;37643;37840
alr9029;epsilon;direct;37837;38223
all9030;epsilon;comp;38751;38419
all9031;epsilon;comp;39444;39064
asr9501;zeta;direct;1476;1700
asl9502;zeta;comp;1888;1706
asr9503;zeta;direct;2359;2565
alr9504;zeta;direct;2957;4129
alr9505;zeta;direct;4130;4435
